axe,sens,date,heure,temps_min
Axe 1 - CARENA,aller,2025-02-01,7,21.0
Axe 1 - CARENA,aller,2025-02-02,7,24.0
Axe 1 - CARENA,aller,2025-02-03,7,25.0
Axe 1 - CARENA,aller,2025-02-04,7,25.0
Axe 1 - CARENA,aller,2025-02-05,7,26.0
Axe 1 - CARENA,aller,2025-02-06,7,26.0
Axe 1 - CARENA,aller,2025-02-07,7,25.0
Axe 1 - CARENA,aller,2025-02-08,7,22.0
Axe 1 - CARENA,aller,2025-02-09,7,25.0
Axe 1 - CARENA,aller,2025-02-10,7,24.0
Axe 1 - CARENA,aller,2025-02-11,7,24.0
Axe 1 - CARENA,aller,2025-02-12,7,25.0
Axe 1 - CARENA,aller,2025-02-13,7,25.0
Axe 1 - CARENA,aller,2025-02-14,7,24.0
Axe 1 - CARENA,aller,2025-02-15,7,21.0
Axe 1 - CARENA,aller,2025-02-16,7,25.0
Axe 1 - CARENA,aller,2025-02-17,7,24.0
Axe 1 - CARENA,aller,2025-02-18,7,25.0
Axe 1 - CARENA,aller,2025-02-19,7,25.0
Axe 1 - CARENA,aller,2025-02-20,7,24.0
Axe 1 - CARENA,aller,2025-02-21,7,26.0
Axe 1 - CARENA,aller,2025-02-22,7,21.0
Axe 1 - CARENA,aller,2025-02-23,7,25.0
Axe 1 - CARENA,aller,2025-02-24,7,26.0
Axe 1 - CARENA,aller,2025-02-25,7,26.0
Axe 1 - CARENA,aller,2025-02-26,7,24.0
Axe 1 - CARENA,aller,2025-02-27,7,24.0
Axe 1 - CARENA,aller,2025-02-28,7,24.0
Axe 1 - CARENA,aller,2025-02-01,8,22.0
Axe 1 - CARENA,aller,2025-02-02,8,25.0
Axe 1 - CARENA,aller,2025-02-03,8,27.0
Axe 1 - CARENA,aller,2025-02-04,8,26.0
Axe 1 - CARENA,aller,2025-02-05,8,26.0
Axe 1 - CARENA,aller,2025-02-06,8,27.0
Axe 1 - CARENA,aller,2025-02-07,8,25.0
Axe 1 - CARENA,aller,2025-02-08,8,25.0
Axe 1 - CARENA,aller,2025-02-09,8,25.0
Axe 1 - CARENA,aller,2025-02-10,8,26.0
Axe 1 - CARENA,aller,2025-02-11,8,26.0
Axe 1 - CARENA,aller,2025-02-12,8,24.0
Axe 1 - CARENA,aller,2025-02-13,8,24.0
Axe 1 - CARENA,aller,2025-02-14,8,23.0
Axe 1 - CARENA,aller,2025-02-15,8,23.0
Axe 1 - CARENA,aller,2025-02-16,8,26.0
Axe 1 - CARENA,aller,2025-02-17,8,25.0
Axe 1 - CARENA,aller,2025-02-18,8,32.0
Axe 1 - CARENA,aller,2025-02-19,8,26.0
Axe 1 - CARENA,aller,2025-02-20,8,26.0
Axe 1 - CARENA,aller,2025-02-21,8,25.0
Axe 1 - CARENA,aller,2025-02-22,8,22.0
Axe 1 - CARENA,aller,2025-02-23,8,25.0
Axe 1 - CARENA,aller,2025-02-24,8,25.0
Axe 1 - CARENA,aller,2025-02-25,8,26.0
Axe 1 - CARENA,aller,2025-02-26,8,25.0
Axe 1 - CARENA,aller,2025-02-27,8,26.0
Axe 1 - CARENA,aller,2025-02-28,8,25.0
Axe 1 - CARENA,aller,2025-02-01,9,23.0
Axe 1 - CARENA,aller,2025-02-02,9,27.0
Axe 1 - CARENA,aller,2025-02-03,9,25.0
Axe 1 - CARENA,aller,2025-02-04,9,31.0
Axe 1 - CARENA,aller,2025-02-05,9,28.0
Axe 1 - CARENA,aller,2025-02-06,9,30.0
Axe 1 - CARENA,aller,2025-02-07,9,24.0
Axe 1 - CARENA,aller,2025-02-08,9,24.0
Axe 1 - CARENA,aller,2025-02-09,9,29.0
Axe 1 - CARENA,aller,2025-02-10,9,26.0
Axe 1 - CARENA,aller,2025-02-11,9,28.0
Axe 1 - CARENA,aller,2025-02-12,9,28.0
Axe 1 - CARENA,aller,2025-02-13,9,28.0
Axe 1 - CARENA,aller,2025-02-14,9,25.0
Axe 1 - CARENA,aller,2025-02-15,9,24.0
Axe 1 - CARENA,aller,2025-02-16,9,26.0
Axe 1 - CARENA,aller,2025-02-17,9,25.0
Axe 1 - CARENA,aller,2025-02-18,9,29.0
Axe 1 - CARENA,aller,2025-02-19,9,26.0
Axe 1 - CARENA,aller,2025-02-20,9,27.0
Axe 1 - CARENA,aller,2025-02-21,9,27.0
Axe 1 - CARENA,aller,2025-02-22,9,23.0
Axe 1 - CARENA,aller,2025-02-23,9,29.0
Axe 1 - CARENA,aller,2025-02-24,9,28.0
Axe 1 - CARENA,aller,2025-02-25,9,30.0
Axe 1 - CARENA,aller,2025-02-26,9,27.0
Axe 1 - CARENA,aller,2025-02-27,9,33.0
Axe 1 - CARENA,aller,2025-02-28,9,24.0
Axe 1 - CARENA,aller,2025-02-01,10,22.0
Axe 1 - CARENA,aller,2025-02-02,10,34.0
Axe 1 - CARENA,aller,2025-02-03,10,34.0
Axe 1 - CARENA,aller,2025-02-04,10,35.0
Axe 1 - CARENA,aller,2025-02-05,10,34.0
Axe 1 - CARENA,aller,2025-02-06,10,37.0
Axe 1 - CARENA,aller,2025-02-07,10,32.0
Axe 1 - CARENA,aller,2025-02-08,10,23.0
Axe 1 - CARENA,aller,2025-02-09,10,31.0
Axe 1 - CARENA,aller,2025-02-10,10,31.0
Axe 1 - CARENA,aller,2025-02-11,10,33.0
Axe 1 - CARENA,aller,2025-02-12,10,29.0
Axe 1 - CARENA,aller,2025-02-13,10,33.0
Axe 1 - CARENA,aller,2025-02-14,10,24.0
Axe 1 - CARENA,aller,2025-02-15,10,24.0
Axe 1 - CARENA,aller,2025-02-16,10,30.0
Axe 1 - CARENA,aller,2025-02-17,10,32.0
Axe 1 - CARENA,aller,2025-02-18,10,28.0
Axe 1 - CARENA,aller,2025-02-19,10,32.0
Axe 1 - CARENA,aller,2025-02-20,10,27.0
Axe 1 - CARENA,aller,2025-02-21,10,26.0
Axe 1 - CARENA,aller,2025-02-22,10,22.0
Axe 1 - CARENA,aller,2025-02-23,10,27.0
Axe 1 - CARENA,aller,2025-02-24,10,29.0
Axe 1 - CARENA,aller,2025-02-25,10,32.0
Axe 1 - CARENA,aller,2025-02-26,10,26.0
Axe 1 - CARENA,aller,2025-02-27,10,34.0
Axe 1 - CARENA,aller,2025-02-28,10,24.0
Axe 1 - CARENA,aller,2025-02-01,11,24.0
Axe 1 - CARENA,aller,2025-02-02,11,33.0
Axe 1 - CARENA,aller,2025-02-03,11,44.0
Axe 1 - CARENA,aller,2025-02-04,11,34.0
Axe 1 - CARENA,aller,2025-02-05,11,39.0
Axe 1 - CARENA,aller,2025-02-06,11,33.0
Axe 1 - CARENA,aller,2025-02-07,11,26.0
Axe 1 - CARENA,aller,2025-02-08,11,22.0
Axe 1 - CARENA,aller,2025-02-09,11,33.0
Axe 1 - CARENA,aller,2025-02-10,11,35.0
Axe 1 - CARENA,aller,2025-02-11,11,38.0
Axe 1 - CARENA,aller,2025-02-12,11,36.0
Axe 1 - CARENA,aller,2025-02-13,11,34.0
Axe 1 - CARENA,aller,2025-02-14,11,23.0
Axe 1 - CARENA,aller,2025-02-15,11,24.0
Axe 1 - CARENA,aller,2025-02-16,11,28.0
Axe 1 - CARENA,aller,2025-02-17,11,30.0
Axe 1 - CARENA,aller,2025-02-18,11,31.0
Axe 1 - CARENA,aller,2025-02-19,11,26.0
Axe 1 - CARENA,aller,2025-02-20,11,41.0
Axe 1 - CARENA,aller,2025-02-21,11,26.0
Axe 1 - CARENA,aller,2025-02-22,11,22.0
Axe 1 - CARENA,aller,2025-02-23,11,27.0
Axe 1 - CARENA,aller,2025-02-24,11,30.0
Axe 1 - CARENA,aller,2025-02-25,11,33.0
Axe 1 - CARENA,aller,2025-02-26,11,26.0
Axe 1 - CARENA,aller,2025-02-27,11,34.0
Axe 1 - CARENA,aller,2025-02-28,11,26.0
Axe 1 - CARENA,aller,2025-02-01,12,24.0
Axe 1 - CARENA,aller,2025-02-02,12,28.0
Axe 1 - CARENA,aller,2025-02-03,12,33.0
Axe 1 - CARENA,aller,2025-02-04,12,38.0
Axe 1 - CARENA,aller,2025-02-05,12,36.0
Axe 1 - CARENA,aller,2025-02-06,12,31.0
Axe 1 - CARENA,aller,2025-02-07,12,25.0
Axe 1 - CARENA,aller,2025-02-08,12,23.0
Axe 1 - CARENA,aller,2025-02-09,12,37.0
Axe 1 - CARENA,aller,2025-02-10,12,41.0
Axe 1 - CARENA,aller,2025-02-11,12,33.0
Axe 1 - CARENA,aller,2025-02-12,12,35.0
Axe 1 - CARENA,aller,2025-02-13,12,30.0
Axe 1 - CARENA,aller,2025-02-14,12,25.0
Axe 1 - CARENA,aller,2025-02-15,12,23.0
Axe 1 - CARENA,aller,2025-02-16,12,28.0
Axe 1 - CARENA,aller,2025-02-17,12,31.0
Axe 1 - CARENA,aller,2025-02-18,12,34.0
Axe 1 - CARENA,aller,2025-02-19,12,33.0
Axe 1 - CARENA,aller,2025-02-20,12,33.0
Axe 1 - CARENA,aller,2025-02-21,12,26.0
Axe 1 - CARENA,aller,2025-02-22,12,23.0
Axe 1 - CARENA,aller,2025-02-23,12,31.0
Axe 1 - CARENA,aller,2025-02-24,12,39.0
Axe 1 - CARENA,aller,2025-02-25,12,29.0
Axe 1 - CARENA,aller,2025-02-26,12,38.0
Axe 1 - CARENA,aller,2025-02-27,12,36.0
Axe 1 - CARENA,aller,2025-02-28,12,26.0
Axe 1 - CARENA,aller,2025-02-01,13,24.0
Axe 1 - CARENA,aller,2025-02-02,13,28.0
Axe 1 - CARENA,aller,2025-02-03,13,28.0
Axe 1 - CARENA,aller,2025-02-04,13,27.0
Axe 1 - CARENA,aller,2025-02-05,13,33.0
Axe 1 - CARENA,aller,2025-02-06,13,30.0
Axe 1 - CARENA,aller,2025-02-07,13,26.0
Axe 1 - CARENA,aller,2025-02-08,13,25.0
Axe 1 - CARENA,aller,2025-02-09,13,29.0
Axe 1 - CARENA,aller,2025-02-10,13,44.0
Axe 1 - CARENA,aller,2025-02-11,13,29.0
Axe 1 - CARENA,aller,2025-02-12,13,29.0
Axe 1 - CARENA,aller,2025-02-13,13,28.0
Axe 1 - CARENA,aller,2025-02-14,13,25.0
Axe 1 - CARENA,aller,2025-02-15,13,23.0
Axe 1 - CARENA,aller,2025-02-16,13,23.0
Axe 1 - CARENA,aller,2025-02-17,13,29.0
Axe 1 - CARENA,aller,2025-02-18,13,29.0
Axe 1 - CARENA,aller,2025-02-19,13,27.0
Axe 1 - CARENA,aller,2025-02-20,13,27.0
Axe 1 - CARENA,aller,2025-02-21,13,25.0
Axe 1 - CARENA,aller,2025-02-22,13,23.0
Axe 1 - CARENA,aller,2025-02-23,13,28.0
Axe 1 - CARENA,aller,2025-02-24,13,33.0
Axe 1 - CARENA,aller,2025-02-25,13,37.0
Axe 1 - CARENA,aller,2025-02-26,13,35.0
Axe 1 - CARENA,aller,2025-02-27,13,33.0
Axe 1 - CARENA,aller,2025-02-28,13,32.0
Axe 1 - CARENA,aller,2025-02-01,14,25.0
Axe 1 - CARENA,aller,2025-02-02,14,29.0
Axe 1 - CARENA,aller,2025-02-03,14,25.0
Axe 1 - CARENA,aller,2025-02-04,14,27.0
Axe 1 - CARENA,aller,2025-02-05,14,26.0
Axe 1 - CARENA,aller,2025-02-06,14,29.0
Axe 1 - CARENA,aller,2025-02-07,14,27.0
Axe 1 - CARENA,aller,2025-02-08,14,24.0
Axe 1 - CARENA,aller,2025-02-09,14,24.0
Axe 1 - CARENA,aller,2025-02-10,14,28.0
Axe 1 - CARENA,aller,2025-02-11,14,30.0
Axe 1 - CARENA,aller,2025-02-12,14,26.0
Axe 1 - CARENA,aller,2025-02-13,14,27.0
Axe 1 - CARENA,aller,2025-02-14,14,24.0
Axe 1 - CARENA,aller,2025-02-15,14,23.0
Axe 1 - CARENA,aller,2025-02-16,14,25.0
Axe 1 - CARENA,aller,2025-02-17,14,30.0
Axe 1 - CARENA,aller,2025-02-18,14,29.0
Axe 1 - CARENA,aller,2025-02-19,14,28.0
Axe 1 - CARENA,aller,2025-02-20,14,29.0
Axe 1 - CARENA,aller,2025-02-21,14,25.0
Axe 1 - CARENA,aller,2025-02-22,14,23.0
Axe 1 - CARENA,aller,2025-02-23,14,24.0
Axe 1 - CARENA,aller,2025-02-24,14,30.0
Axe 1 - CARENA,aller,2025-02-25,14,28.0
Axe 1 - CARENA,aller,2025-02-26,14,27.0
Axe 1 - CARENA,aller,2025-02-27,14,29.0
Axe 1 - CARENA,aller,2025-02-28,14,34.0
Axe 1 - CARENA,aller,2025-02-01,15,25.0
Axe 1 - CARENA,aller,2025-02-02,15,26.0
Axe 1 - CARENA,aller,2025-02-03,15,28.0
Axe 1 - CARENA,aller,2025-02-04,15,31.0
Axe 1 - CARENA,aller,2025-02-05,15,27.0
Axe 1 - CARENA,aller,2025-02-06,15,29.0
Axe 1 - CARENA,aller,2025-02-07,15,28.0
Axe 1 - CARENA,aller,2025-02-08,15,24.0
Axe 1 - CARENA,aller,2025-02-09,15,26.0
Axe 1 - CARENA,aller,2025-02-10,15,29.0
Axe 1 - CARENA,aller,2025-02-11,15,26.0
Axe 1 - CARENA,aller,2025-02-12,15,27.0
Axe 1 - CARENA,aller,2025-02-13,15,27.0
Axe 1 - CARENA,aller,2025-02-14,15,24.0
Axe 1 - CARENA,aller,2025-02-15,15,22.0
Axe 1 - CARENA,aller,2025-02-16,15,30.0
Axe 1 - CARENA,aller,2025-02-17,15,33.0
Axe 1 - CARENA,aller,2025-02-18,15,29.0
Axe 1 - CARENA,aller,2025-02-19,15,32.0
Axe 1 - CARENA,aller,2025-02-20,15,29.0
Axe 1 - CARENA,aller,2025-02-21,15,14.0
Axe 1 - CARENA,aller,2025-02-22,15,23.0
Axe 1 - CARENA,aller,2025-02-23,15,31.0
Axe 1 - CARENA,aller,2025-02-24,15,27.0
Axe 1 - CARENA,aller,2025-02-25,15,32.0
Axe 1 - CARENA,aller,2025-02-26,15,30.0
Axe 1 - CARENA,aller,2025-02-27,15,27.0
Axe 1 - CARENA,aller,2025-02-28,15,29.0
Axe 1 - CARENA,aller,2025-02-01,16,25.0
Axe 1 - CARENA,aller,2025-02-02,16,25.0
Axe 1 - CARENA,aller,2025-02-03,16,29.0
Axe 1 - CARENA,aller,2025-02-04,16,29.0
Axe 1 - CARENA,aller,2025-02-05,16,26.0
Axe 1 - CARENA,aller,2025-02-06,16,26.0
Axe 1 - CARENA,aller,2025-02-07,16,28.0
Axe 1 - CARENA,aller,2025-02-08,16,24.0
Axe 1 - CARENA,aller,2025-02-09,16,26.0
Axe 1 - CARENA,aller,2025-02-10,16,26.0
Axe 1 - CARENA,aller,2025-02-11,16,27.0
Axe 1 - CARENA,aller,2025-02-12,16,26.0
Axe 1 - CARENA,aller,2025-02-13,16,26.0
Axe 1 - CARENA,aller,2025-02-14,16,23.0
Axe 1 - CARENA,aller,2025-02-15,16,23.0
Axe 1 - CARENA,aller,2025-02-16,16,32.0
Axe 1 - CARENA,aller,2025-02-17,16,28.0
Axe 1 - CARENA,aller,2025-02-18,16,26.0
Axe 1 - CARENA,aller,2025-02-19,16,26.0
Axe 1 - CARENA,aller,2025-02-20,16,30.0
Axe 1 - CARENA,aller,2025-02-21,16,24.0
Axe 1 - CARENA,aller,2025-02-22,16,23.0
Axe 1 - CARENA,aller,2025-02-23,16,30.0
Axe 1 - CARENA,aller,2025-02-24,16,28.0
Axe 1 - CARENA,aller,2025-02-25,16,37.0
Axe 1 - CARENA,aller,2025-02-26,16,26.0
Axe 1 - CARENA,aller,2025-02-27,16,27.0
Axe 1 - CARENA,aller,2025-02-28,16,25.0
Axe 1 - CARENA,aller,2025-02-01,17,24.0
Axe 1 - CARENA,aller,2025-02-02,17,30.0
Axe 1 - CARENA,aller,2025-02-03,17,30.0
Axe 1 - CARENA,aller,2025-02-04,17,30.0
Axe 1 - CARENA,aller,2025-02-05,17,25.0
Axe 1 - CARENA,aller,2025-02-06,17,26.0
Axe 1 - CARENA,aller,2025-02-07,17,26.0
Axe 1 - CARENA,aller,2025-02-08,17,25.0
Axe 1 - CARENA,aller,2025-02-09,17,26.0
Axe 1 - CARENA,aller,2025-02-10,17,27.0
Axe 1 - CARENA,aller,2025-02-11,17,25.0
Axe 1 - CARENA,aller,2025-02-12,17,30.0
Axe 1 - CARENA,aller,2025-02-13,17,25.0
Axe 1 - CARENA,aller,2025-02-14,17,23.0
Axe 1 - CARENA,aller,2025-02-15,17,23.0
Axe 1 - CARENA,aller,2025-02-16,17,27.0
Axe 1 - CARENA,aller,2025-02-17,17,27.0
Axe 1 - CARENA,aller,2025-02-18,17,25.0
Axe 1 - CARENA,aller,2025-02-19,17,32.0
Axe 1 - CARENA,aller,2025-02-20,17,28.0
Axe 1 - CARENA,aller,2025-02-21,17,24.0
Axe 1 - CARENA,aller,2025-02-22,17,22.0
Axe 1 - CARENA,aller,2025-02-23,17,32.0
Axe 1 - CARENA,aller,2025-02-24,17,29.0
Axe 1 - CARENA,aller,2025-02-25,17,33.0
Axe 1 - CARENA,aller,2025-02-26,17,32.0
Axe 1 - CARENA,aller,2025-02-27,17,29.0
Axe 1 - CARENA,aller,2025-02-28,17,24.0
Axe 1 - CARENA,aller,2025-02-01,18,24.0
Axe 1 - CARENA,aller,2025-02-02,18,28.0
Axe 1 - CARENA,aller,2025-02-03,18,24.0
Axe 1 - CARENA,aller,2025-02-04,18,26.0
Axe 1 - CARENA,aller,2025-02-05,18,24.0
Axe 1 - CARENA,aller,2025-02-06,18,25.0
Axe 1 - CARENA,aller,2025-02-07,18,25.0
Axe 1 - CARENA,aller,2025-02-08,18,24.0
Axe 1 - CARENA,aller,2025-02-09,18,29.0
Axe 1 - CARENA,aller,2025-02-10,18,25.0
Axe 1 - CARENA,aller,2025-02-11,18,27.0
Axe 1 - CARENA,aller,2025-02-12,18,25.0
Axe 1 - CARENA,aller,2025-02-13,18,25.0
Axe 1 - CARENA,aller,2025-02-14,18,22.0
Axe 1 - CARENA,aller,2025-02-15,18,23.0
Axe 1 - CARENA,aller,2025-02-16,18,27.0
Axe 1 - CARENA,aller,2025-02-17,18,31.0
Axe 1 - CARENA,aller,2025-02-18,18,26.0
Axe 1 - CARENA,aller,2025-02-19,18,27.0
Axe 1 - CARENA,aller,2025-02-20,18,25.0
Axe 1 - CARENA,aller,2025-02-21,18,23.0
Axe 1 - CARENA,aller,2025-02-22,18,22.0
Axe 1 - CARENA,aller,2025-02-23,18,26.0
Axe 1 - CARENA,aller,2025-02-24,18,26.0
Axe 1 - CARENA,aller,2025-02-25,18,25.0
Axe 1 - CARENA,aller,2025-02-26,18,23.0
Axe 1 - CARENA,aller,2025-02-27,18,25.0
Axe 1 - CARENA,aller,2025-02-28,18,24.0
Axe 2 - TOYOTA CFAO,aller,2025-02-01,7,14.0
Axe 2 - TOYOTA CFAO,aller,2025-02-02,7,15.0
Axe 2 - TOYOTA CFAO,aller,2025-02-03,7,15.0
Axe 2 - TOYOTA CFAO,aller,2025-02-04,7,15.0
Axe 2 - TOYOTA CFAO,aller,2025-02-05,7,15.0
Axe 2 - TOYOTA CFAO,aller,2025-02-06,7,16.0
Axe 2 - TOYOTA CFAO,aller,2025-02-07,7,14.0
Axe 2 - TOYOTA CFAO,aller,2025-02-08,7,12.0
Axe 2 - TOYOTA CFAO,aller,2025-02-09,7,14.0
Axe 2 - TOYOTA CFAO,aller,2025-02-10,7,13.0
Axe 2 - TOYOTA CFAO,aller,2025-02-11,7,12.0
Axe 2 - TOYOTA CFAO,aller,2025-02-12,7,13.0
Axe 2 - TOYOTA CFAO,aller,2025-02-13,7,15.0
Axe 2 - TOYOTA CFAO,aller,2025-02-14,7,12.0
Axe 2 - TOYOTA CFAO,aller,2025-02-15,7,12.0
Axe 2 - TOYOTA CFAO,aller,2025-02-16,7,15.0
Axe 2 - TOYOTA CFAO,aller,2025-02-17,7,14.0
Axe 2 - TOYOTA CFAO,aller,2025-02-18,7,14.0
Axe 2 - TOYOTA CFAO,aller,2025-02-19,7,15.0
Axe 2 - TOYOTA CFAO,aller,2025-02-20,7,16.0
Axe 2 - TOYOTA CFAO,aller,2025-02-21,7,12.0
Axe 2 - TOYOTA CFAO,aller,2025-02-22,7,12.0
Axe 2 - TOYOTA CFAO,aller,2025-02-23,7,15.0
Axe 2 - TOYOTA CFAO,aller,2025-02-24,7,16.0
Axe 2 - TOYOTA CFAO,aller,2025-02-25,7,15.0
Axe 2 - TOYOTA CFAO,aller,2025-02-26,7,15.0
Axe 2 - TOYOTA CFAO,aller,2025-02-27,7,15.0
Axe 2 - TOYOTA CFAO,aller,2025-02-28,7,12.0
Axe 2 - TOYOTA CFAO,aller,2025-02-01,8,14.0
Axe 2 - TOYOTA CFAO,aller,2025-02-02,8,16.0
Axe 2 - TOYOTA CFAO,aller,2025-02-03,8,16.0
Axe 2 - TOYOTA CFAO,aller,2025-02-04,8,15.0
Axe 2 - TOYOTA CFAO,aller,2025-02-05,8,15.0
Axe 2 - TOYOTA CFAO,aller,2025-02-06,8,16.0
Axe 2 - TOYOTA CFAO,aller,2025-02-07,8,13.0
Axe 2 - TOYOTA CFAO,aller,2025-02-08,8,12.0
Axe 2 - TOYOTA CFAO,aller,2025-02-09,8,17.0
Axe 2 - TOYOTA CFAO,aller,2025-02-10,8,18.0
Axe 2 - TOYOTA CFAO,aller,2025-02-11,8,14.0
Axe 2 - TOYOTA CFAO,aller,2025-02-12,8,16.0
Axe 2 - TOYOTA CFAO,aller,2025-02-13,8,16.0
Axe 2 - TOYOTA CFAO,aller,2025-02-14,8,12.0
Axe 2 - TOYOTA CFAO,aller,2025-02-15,8,12.0
Axe 2 - TOYOTA CFAO,aller,2025-02-16,8,16.0
Axe 2 - TOYOTA CFAO,aller,2025-02-17,8,16.0
Axe 2 - TOYOTA CFAO,aller,2025-02-18,8,15.0
Axe 2 - TOYOTA CFAO,aller,2025-02-19,8,15.0
Axe 2 - TOYOTA CFAO,aller,2025-02-20,8,16.0
Axe 2 - TOYOTA CFAO,aller,2025-02-21,8,12.0
Axe 2 - TOYOTA CFAO,aller,2025-02-22,8,12.0
Axe 2 - TOYOTA CFAO,aller,2025-02-23,8,15.0
Axe 2 - TOYOTA CFAO,aller,2025-02-24,8,16.0
Axe 2 - TOYOTA CFAO,aller,2025-02-25,8,16.0
Axe 2 - TOYOTA CFAO,aller,2025-02-26,8,14.0
Axe 2 - TOYOTA CFAO,aller,2025-02-27,8,16.0
Axe 2 - TOYOTA CFAO,aller,2025-02-28,8,12.0
Axe 2 - TOYOTA CFAO,aller,2025-02-01,9,14.0
Axe 2 - TOYOTA CFAO,aller,2025-02-02,9,17.0
Axe 2 - TOYOTA CFAO,aller,2025-02-03,9,17.0
Axe 2 - TOYOTA CFAO,aller,2025-02-04,9,16.0
Axe 2 - TOYOTA CFAO,aller,2025-02-05,9,17.0
Axe 2 - TOYOTA CFAO,aller,2025-02-06,9,16.0
Axe 2 - TOYOTA CFAO,aller,2025-02-07,9,13.0
Axe 2 - TOYOTA CFAO,aller,2025-02-08,9,13.0
Axe 2 - TOYOTA CFAO,aller,2025-02-09,9,18.0
Axe 2 - TOYOTA CFAO,aller,2025-02-10,9,18.0
Axe 2 - TOYOTA CFAO,aller,2025-02-11,9,17.0
Axe 2 - TOYOTA CFAO,aller,2025-02-12,9,18.0
Axe 2 - TOYOTA CFAO,aller,2025-02-13,9,17.0
Axe 2 - TOYOTA CFAO,aller,2025-02-14,9,12.0
Axe 2 - TOYOTA CFAO,aller,2025-02-15,9,12.0
Axe 2 - TOYOTA CFAO,aller,2025-02-16,9,16.0
Axe 2 - TOYOTA CFAO,aller,2025-02-17,9,17.0
Axe 2 - TOYOTA CFAO,aller,2025-02-18,9,18.0
Axe 2 - TOYOTA CFAO,aller,2025-02-19,9,15.0
Axe 2 - TOYOTA CFAO,aller,2025-02-20,9,17.0
Axe 2 - TOYOTA CFAO,aller,2025-02-21,9,12.0
Axe 2 - TOYOTA CFAO,aller,2025-02-22,9,12.0
Axe 2 - TOYOTA CFAO,aller,2025-02-23,9,16.0
Axe 2 - TOYOTA CFAO,aller,2025-02-24,9,18.0
Axe 2 - TOYOTA CFAO,aller,2025-02-25,9,17.0
Axe 2 - TOYOTA CFAO,aller,2025-02-26,9,16.0
Axe 2 - TOYOTA CFAO,aller,2025-02-27,9,21.0
Axe 2 - TOYOTA CFAO,aller,2025-02-28,9,12.0
Axe 2 - TOYOTA CFAO,aller,2025-02-01,10,15.0
Axe 2 - TOYOTA CFAO,aller,2025-02-02,10,15.0
Axe 2 - TOYOTA CFAO,aller,2025-02-03,10,20.0
Axe 2 - TOYOTA CFAO,aller,2025-02-04,10,18.0
Axe 2 - TOYOTA CFAO,aller,2025-02-05,10,17.0
Axe 2 - TOYOTA CFAO,aller,2025-02-06,10,18.0
Axe 2 - TOYOTA CFAO,aller,2025-02-07,10,13.0
Axe 2 - TOYOTA CFAO,aller,2025-02-08,10,13.0
Axe 2 - TOYOTA CFAO,aller,2025-02-09,10,18.0
Axe 2 - TOYOTA CFAO,aller,2025-02-10,10,18.0
Axe 2 - TOYOTA CFAO,aller,2025-02-11,10,19.0
Axe 2 - TOYOTA CFAO,aller,2025-02-12,10,18.0
Axe 2 - TOYOTA CFAO,aller,2025-02-13,10,18.0
Axe 2 - TOYOTA CFAO,aller,2025-02-14,10,13.0
Axe 2 - TOYOTA CFAO,aller,2025-02-15,10,12.0
Axe 2 - TOYOTA CFAO,aller,2025-02-16,10,18.0
Axe 2 - TOYOTA CFAO,aller,2025-02-17,10,22.0
Axe 2 - TOYOTA CFAO,aller,2025-02-18,10,18.0
Axe 2 - TOYOTA CFAO,aller,2025-02-19,10,20.0
Axe 2 - TOYOTA CFAO,aller,2025-02-20,10,18.0
Axe 2 - TOYOTA CFAO,aller,2025-02-21,10,14.0
Axe 2 - TOYOTA CFAO,aller,2025-02-22,10,13.0
Axe 2 - TOYOTA CFAO,aller,2025-02-23,10,17.0
Axe 2 - TOYOTA CFAO,aller,2025-02-24,10,18.0
Axe 2 - TOYOTA CFAO,aller,2025-02-25,10,18.0
Axe 2 - TOYOTA CFAO,aller,2025-02-26,10,18.0
Axe 2 - TOYOTA CFAO,aller,2025-02-27,10,21.0
Axe 2 - TOYOTA CFAO,aller,2025-02-28,10,14.0
Axe 2 - TOYOTA CFAO,aller,2025-02-01,11,14.0
Axe 2 - TOYOTA CFAO,aller,2025-02-02,11,17.0
Axe 2 - TOYOTA CFAO,aller,2025-02-03,11,24.0
Axe 2 - TOYOTA CFAO,aller,2025-02-04,11,16.0
Axe 2 - TOYOTA CFAO,aller,2025-02-05,11,19.0
Axe 2 - TOYOTA CFAO,aller,2025-02-06,11,21.0
Axe 2 - TOYOTA CFAO,aller,2025-02-07,11,13.0
Axe 2 - TOYOTA CFAO,aller,2025-02-08,11,13.0
Axe 2 - TOYOTA CFAO,aller,2025-02-09,11,18.0
Axe 2 - TOYOTA CFAO,aller,2025-02-10,11,19.0
Axe 2 - TOYOTA CFAO,aller,2025-02-11,11,18.0
Axe 2 - TOYOTA CFAO,aller,2025-02-12,11,22.0
Axe 2 - TOYOTA CFAO,aller,2025-02-13,11,20.0
Axe 2 - TOYOTA CFAO,aller,2025-02-14,11,14.0
Axe 2 - TOYOTA CFAO,aller,2025-02-15,11,13.0
Axe 2 - TOYOTA CFAO,aller,2025-02-16,11,18.0
Axe 2 - TOYOTA CFAO,aller,2025-02-17,11,20.0
Axe 2 - TOYOTA CFAO,aller,2025-02-18,11,18.0
Axe 2 - TOYOTA CFAO,aller,2025-02-19,11,19.0
Axe 2 - TOYOTA CFAO,aller,2025-02-20,11,24.0
Axe 2 - TOYOTA CFAO,aller,2025-02-21,11,14.0
Axe 2 - TOYOTA CFAO,aller,2025-02-22,11,12.0
Axe 2 - TOYOTA CFAO,aller,2025-02-23,11,18.0
Axe 2 - TOYOTA CFAO,aller,2025-02-24,11,19.0
Axe 2 - TOYOTA CFAO,aller,2025-02-25,11,24.0
Axe 2 - TOYOTA CFAO,aller,2025-02-26,11,18.0
Axe 2 - TOYOTA CFAO,aller,2025-02-27,11,23.0
Axe 2 - TOYOTA CFAO,aller,2025-02-28,11,14.0
Axe 2 - TOYOTA CFAO,aller,2025-02-01,12,14.0
Axe 2 - TOYOTA CFAO,aller,2025-02-02,12,17.0
Axe 2 - TOYOTA CFAO,aller,2025-02-03,12,22.0
Axe 2 - TOYOTA CFAO,aller,2025-02-04,12,20.0
Axe 2 - TOYOTA CFAO,aller,2025-02-05,12,27.0
Axe 2 - TOYOTA CFAO,aller,2025-02-06,12,21.0
Axe 2 - TOYOTA CFAO,aller,2025-02-07,12,14.0
Axe 2 - TOYOTA CFAO,aller,2025-02-08,12,14.0
Axe 2 - TOYOTA CFAO,aller,2025-02-09,12,21.0
Axe 2 - TOYOTA CFAO,aller,2025-02-10,12,33.0
Axe 2 - TOYOTA CFAO,aller,2025-02-11,12,20.0
Axe 2 - TOYOTA CFAO,aller,2025-02-12,12,20.0
Axe 2 - TOYOTA CFAO,aller,2025-02-13,12,21.0
Axe 2 - TOYOTA CFAO,aller,2025-02-14,12,14.0
Axe 2 - TOYOTA CFAO,aller,2025-02-15,12,13.0
Axe 2 - TOYOTA CFAO,aller,2025-02-16,12,19.0
Axe 2 - TOYOTA CFAO,aller,2025-02-17,12,20.0
Axe 2 - TOYOTA CFAO,aller,2025-02-18,12,22.0
Axe 2 - TOYOTA CFAO,aller,2025-02-19,12,20.0
Axe 2 - TOYOTA CFAO,aller,2025-02-20,12,19.0
Axe 2 - TOYOTA CFAO,aller,2025-02-21,12,13.0
Axe 2 - TOYOTA CFAO,aller,2025-02-22,12,13.0
Axe 2 - TOYOTA CFAO,aller,2025-02-23,12,20.0
Axe 2 - TOYOTA CFAO,aller,2025-02-24,12,19.0
Axe 2 - TOYOTA CFAO,aller,2025-02-25,12,19.0
Axe 2 - TOYOTA CFAO,aller,2025-02-26,12,21.0
Axe 2 - TOYOTA CFAO,aller,2025-02-27,12,24.0
Axe 2 - TOYOTA CFAO,aller,2025-02-28,12,13.0
Axe 2 - TOYOTA CFAO,aller,2025-02-01,13,13.0
Axe 2 - TOYOTA CFAO,aller,2025-02-02,13,18.0
Axe 2 - TOYOTA CFAO,aller,2025-02-03,13,17.0
Axe 2 - TOYOTA CFAO,aller,2025-02-04,13,20.0
Axe 2 - TOYOTA CFAO,aller,2025-02-05,13,20.0
Axe 2 - TOYOTA CFAO,aller,2025-02-06,13,19.0
Axe 2 - TOYOTA CFAO,aller,2025-02-07,13,14.0
Axe 2 - TOYOTA CFAO,aller,2025-02-08,13,14.0
Axe 2 - TOYOTA CFAO,aller,2025-02-09,13,18.0
Axe 2 - TOYOTA CFAO,aller,2025-02-10,13,38.0
Axe 2 - TOYOTA CFAO,aller,2025-02-11,13,20.0
Axe 2 - TOYOTA CFAO,aller,2025-02-12,13,16.0
Axe 2 - TOYOTA CFAO,aller,2025-02-13,13,20.0
Axe 2 - TOYOTA CFAO,aller,2025-02-14,13,13.0
Axe 2 - TOYOTA CFAO,aller,2025-02-15,13,13.0
Axe 2 - TOYOTA CFAO,aller,2025-02-16,13,19.0
Axe 2 - TOYOTA CFAO,aller,2025-02-17,13,19.0
Axe 2 - TOYOTA CFAO,aller,2025-02-18,13,17.0
Axe 2 - TOYOTA CFAO,aller,2025-02-19,13,20.0
Axe 2 - TOYOTA CFAO,aller,2025-02-20,13,19.0
Axe 2 - TOYOTA CFAO,aller,2025-02-21,13,13.0
Axe 2 - TOYOTA CFAO,aller,2025-02-22,13,13.0
Axe 2 - TOYOTA CFAO,aller,2025-02-23,13,17.0
Axe 2 - TOYOTA CFAO,aller,2025-02-24,13,20.0
Axe 2 - TOYOTA CFAO,aller,2025-02-25,13,20.0
Axe 2 - TOYOTA CFAO,aller,2025-02-26,13,19.0
Axe 2 - TOYOTA CFAO,aller,2025-02-27,13,20.0
Axe 2 - TOYOTA CFAO,aller,2025-02-28,13,13.0
Axe 2 - TOYOTA CFAO,aller,2025-02-01,14,13.0
Axe 2 - TOYOTA CFAO,aller,2025-02-02,14,16.0
Axe 2 - TOYOTA CFAO,aller,2025-02-03,14,15.0
Axe 2 - TOYOTA CFAO,aller,2025-02-04,14,15.0
Axe 2 - TOYOTA CFAO,aller,2025-02-05,14,14.0
Axe 2 - TOYOTA CFAO,aller,2025-02-06,14,16.0
Axe 2 - TOYOTA CFAO,aller,2025-02-07,14,13.0
Axe 2 - TOYOTA CFAO,aller,2025-02-08,14,13.0
Axe 2 - TOYOTA CFAO,aller,2025-02-09,14,14.0
Axe 2 - TOYOTA CFAO,aller,2025-02-10,14,19.0
Axe 2 - TOYOTA CFAO,aller,2025-02-11,14,19.0
Axe 2 - TOYOTA CFAO,aller,2025-02-12,14,15.0
Axe 2 - TOYOTA CFAO,aller,2025-02-13,14,18.0
Axe 2 - TOYOTA CFAO,aller,2025-02-14,14,13.0
Axe 2 - TOYOTA CFAO,aller,2025-02-15,14,14.0
Axe 2 - TOYOTA CFAO,aller,2025-02-16,14,18.0
Axe 2 - TOYOTA CFAO,aller,2025-02-17,14,18.0
Axe 2 - TOYOTA CFAO,aller,2025-02-18,14,19.0
Axe 2 - TOYOTA CFAO,aller,2025-02-19,14,17.0
Axe 2 - TOYOTA CFAO,aller,2025-02-20,14,18.0
Axe 2 - TOYOTA CFAO,aller,2025-02-21,14,13.0
Axe 2 - TOYOTA CFAO,aller,2025-02-22,14,14.0
Axe 2 - TOYOTA CFAO,aller,2025-02-23,14,16.0
Axe 2 - TOYOTA CFAO,aller,2025-02-24,14,16.0
Axe 2 - TOYOTA CFAO,aller,2025-02-25,14,17.0
Axe 2 - TOYOTA CFAO,aller,2025-02-26,14,15.0
Axe 2 - TOYOTA CFAO,aller,2025-02-27,14,21.0
Axe 2 - TOYOTA CFAO,aller,2025-02-28,14,13.0
Axe 2 - TOYOTA CFAO,aller,2025-02-01,15,14.0
Axe 2 - TOYOTA CFAO,aller,2025-02-02,15,15.0
Axe 2 - TOYOTA CFAO,aller,2025-02-03,15,17.0
Axe 2 - TOYOTA CFAO,aller,2025-02-04,15,18.0
Axe 2 - TOYOTA CFAO,aller,2025-02-05,15,17.0
Axe 2 - TOYOTA CFAO,aller,2025-02-06,15,18.0
Axe 2 - TOYOTA CFAO,aller,2025-02-07,15,13.0
Axe 2 - TOYOTA CFAO,aller,2025-02-08,15,12.0
Axe 2 - TOYOTA CFAO,aller,2025-02-09,15,17.0
Axe 2 - TOYOTA CFAO,aller,2025-02-10,15,18.0
Axe 2 - TOYOTA CFAO,aller,2025-02-11,15,17.0
Axe 2 - TOYOTA CFAO,aller,2025-02-12,15,18.0
Axe 2 - TOYOTA CFAO,aller,2025-02-13,15,16.0
Axe 2 - TOYOTA CFAO,aller,2025-02-14,15,12.0
Axe 2 - TOYOTA CFAO,aller,2025-02-15,15,12.0
Axe 2 - TOYOTA CFAO,aller,2025-02-16,15,19.0
Axe 2 - TOYOTA CFAO,aller,2025-02-17,15,23.0
Axe 2 - TOYOTA CFAO,aller,2025-02-18,15,18.0
Axe 2 - TOYOTA CFAO,aller,2025-02-19,15,22.0
Axe 2 - TOYOTA CFAO,aller,2025-02-20,15,18.0
Axe 2 - TOYOTA CFAO,aller,2025-02-21,15,12.0
Axe 2 - TOYOTA CFAO,aller,2025-02-22,15,12.0
Axe 2 - TOYOTA CFAO,aller,2025-02-23,15,18.0
Axe 2 - TOYOTA CFAO,aller,2025-02-24,15,17.0
Axe 2 - TOYOTA CFAO,aller,2025-02-25,15,17.0
Axe 2 - TOYOTA CFAO,aller,2025-02-26,15,21.0
Axe 2 - TOYOTA CFAO,aller,2025-02-27,15,18.0
Axe 2 - TOYOTA CFAO,aller,2025-02-28,15,12.0
Axe 2 - TOYOTA CFAO,aller,2025-02-01,16,13.0
Axe 2 - TOYOTA CFAO,aller,2025-02-02,16,16.0
Axe 2 - TOYOTA CFAO,aller,2025-02-03,16,18.0
Axe 2 - TOYOTA CFAO,aller,2025-02-04,16,19.0
Axe 2 - TOYOTA CFAO,aller,2025-02-05,16,18.0
Axe 2 - TOYOTA CFAO,aller,2025-02-06,16,18.0
Axe 2 - TOYOTA CFAO,aller,2025-02-07,16,13.0
Axe 2 - TOYOTA CFAO,aller,2025-02-08,16,12.0
Axe 2 - TOYOTA CFAO,aller,2025-02-09,16,15.0
Axe 2 - TOYOTA CFAO,aller,2025-02-10,16,17.0
Axe 2 - TOYOTA CFAO,aller,2025-02-11,16,18.0
Axe 2 - TOYOTA CFAO,aller,2025-02-12,16,18.0
Axe 2 - TOYOTA CFAO,aller,2025-02-13,16,16.0
Axe 2 - TOYOTA CFAO,aller,2025-02-14,16,12.0
Axe 2 - TOYOTA CFAO,aller,2025-02-15,16,12.0
Axe 2 - TOYOTA CFAO,aller,2025-02-16,16,18.0
Axe 2 - TOYOTA CFAO,aller,2025-02-17,16,18.0
Axe 2 - TOYOTA CFAO,aller,2025-02-18,16,18.0
Axe 2 - TOYOTA CFAO,aller,2025-02-19,16,21.0
Axe 2 - TOYOTA CFAO,aller,2025-02-20,16,17.0
Axe 2 - TOYOTA CFAO,aller,2025-02-21,16,13.0
Axe 2 - TOYOTA CFAO,aller,2025-02-22,16,13.0
Axe 2 - TOYOTA CFAO,aller,2025-02-23,16,17.0
Axe 2 - TOYOTA CFAO,aller,2025-02-24,16,17.0
Axe 2 - TOYOTA CFAO,aller,2025-02-25,16,21.0
Axe 2 - TOYOTA CFAO,aller,2025-02-26,16,21.0
Axe 2 - TOYOTA CFAO,aller,2025-02-27,16,18.0
Axe 2 - TOYOTA CFAO,aller,2025-02-28,16,13.0
Axe 2 - TOYOTA CFAO,aller,2025-02-01,17,13.0
Axe 2 - TOYOTA CFAO,aller,2025-02-02,17,17.0
Axe 2 - TOYOTA CFAO,aller,2025-02-03,17,19.0
Axe 2 - TOYOTA CFAO,aller,2025-02-04,17,20.0
Axe 2 - TOYOTA CFAO,aller,2025-02-05,17,16.0
Axe 2 - TOYOTA CFAO,aller,2025-02-06,17,18.0
Axe 2 - TOYOTA CFAO,aller,2025-02-07,17,14.0
Axe 2 - TOYOTA CFAO,aller,2025-02-08,17,12.0
Axe 2 - TOYOTA CFAO,aller,2025-02-09,17,16.0
Axe 2 - TOYOTA CFAO,aller,2025-02-10,17,18.0
Axe 2 - TOYOTA CFAO,aller,2025-02-11,17,18.0
Axe 2 - TOYOTA CFAO,aller,2025-02-12,17,17.0
Axe 2 - TOYOTA CFAO,aller,2025-02-13,17,16.0
Axe 2 - TOYOTA CFAO,aller,2025-02-14,17,13.0
Axe 2 - TOYOTA CFAO,aller,2025-02-15,17,13.0
Axe 2 - TOYOTA CFAO,aller,2025-02-16,17,17.0
Axe 2 - TOYOTA CFAO,aller,2025-02-17,17,17.0
Axe 2 - TOYOTA CFAO,aller,2025-02-18,17,20.0
Axe 2 - TOYOTA CFAO,aller,2025-02-19,17,18.0
Axe 2 - TOYOTA CFAO,aller,2025-02-20,17,17.0
Axe 2 - TOYOTA CFAO,aller,2025-02-21,17,13.0
Axe 2 - TOYOTA CFAO,aller,2025-02-22,17,12.0
Axe 2 - TOYOTA CFAO,aller,2025-02-23,17,16.0
Axe 2 - TOYOTA CFAO,aller,2025-02-24,17,16.0
Axe 2 - TOYOTA CFAO,aller,2025-02-25,17,20.0
Axe 2 - TOYOTA CFAO,aller,2025-02-26,17,18.0
Axe 2 - TOYOTA CFAO,aller,2025-02-27,17,17.0
Axe 2 - TOYOTA CFAO,aller,2025-02-28,17,13.0
Axe 2 - TOYOTA CFAO,aller,2025-02-01,18,14.0
Axe 2 - TOYOTA CFAO,aller,2025-02-02,18,16.0
Axe 2 - TOYOTA CFAO,aller,2025-02-03,18,17.0
Axe 2 - TOYOTA CFAO,aller,2025-02-04,18,19.0
Axe 2 - TOYOTA CFAO,aller,2025-02-05,18,16.0
Axe 2 - TOYOTA CFAO,aller,2025-02-06,18,17.0
Axe 2 - TOYOTA CFAO,aller,2025-02-07,18,13.0
Axe 2 - TOYOTA CFAO,aller,2025-02-08,18,12.0
Axe 2 - TOYOTA CFAO,aller,2025-02-09,18,17.0
Axe 2 - TOYOTA CFAO,aller,2025-02-10,18,15.0
Axe 2 - TOYOTA CFAO,aller,2025-02-11,18,17.0
Axe 2 - TOYOTA CFAO,aller,2025-02-12,18,16.0
Axe 2 - TOYOTA CFAO,aller,2025-02-13,18,16.0
Axe 2 - TOYOTA CFAO,aller,2025-02-14,18,13.0
Axe 2 - TOYOTA CFAO,aller,2025-02-15,18,12.0
Axe 2 - TOYOTA CFAO,aller,2025-02-16,18,16.0
Axe 2 - TOYOTA CFAO,aller,2025-02-17,18,16.0
Axe 2 - TOYOTA CFAO,aller,2025-02-18,18,19.0
Axe 2 - TOYOTA CFAO,aller,2025-02-19,18,16.0
Axe 2 - TOYOTA CFAO,aller,2025-02-20,18,17.0
Axe 2 - TOYOTA CFAO,aller,2025-02-21,18,13.0
Axe 2 - TOYOTA CFAO,aller,2025-02-22,18,12.0
Axe 2 - TOYOTA CFAO,aller,2025-02-23,18,17.0
Axe 2 - TOYOTA CFAO,aller,2025-02-24,18,16.0
Axe 2 - TOYOTA CFAO,aller,2025-02-25,18,18.0
Axe 2 - TOYOTA CFAO,aller,2025-02-26,18,18.0
Axe 2 - TOYOTA CFAO,aller,2025-02-27,18,16.0
Axe 2 - TOYOTA CFAO,aller,2025-02-28,18,12.0
Axe 3 - SODECI,aller,2025-02-01,7,11.0
Axe 3 - SODECI,aller,2025-02-02,7,16.0
Axe 3 - SODECI,aller,2025-02-03,7,15.0
Axe 3 - SODECI,aller,2025-02-04,7,15.0
Axe 3 - SODECI,aller,2025-02-05,7,16.0
Axe 3 - SODECI,aller,2025-02-06,7,17.0
Axe 3 - SODECI,aller,2025-02-07,7,15.0
Axe 3 - SODECI,aller,2025-02-08,7,11.0
Axe 3 - SODECI,aller,2025-02-09,7,16.0
Axe 3 - SODECI,aller,2025-02-10,7,15.0
Axe 3 - SODECI,aller,2025-02-11,7,15.0
Axe 3 - SODECI,aller,2025-02-12,7,17.0
Axe 3 - SODECI,aller,2025-02-13,7,15.0
Axe 3 - SODECI,aller,2025-02-14,7,15.0
Axe 3 - SODECI,aller,2025-02-15,7,14.0
Axe 3 - SODECI,aller,2025-02-16,7,15.0
Axe 3 - SODECI,aller,2025-02-17,7,15.0
Axe 3 - SODECI,aller,2025-02-18,7,15.0
Axe 3 - SODECI,aller,2025-02-19,7,15.0
Axe 3 - SODECI,aller,2025-02-20,7,16.0
Axe 3 - SODECI,aller,2025-02-21,7,13.0
Axe 3 - SODECI,aller,2025-02-22,7,12.0
Axe 3 - SODECI,aller,2025-02-23,7,14.0
Axe 3 - SODECI,aller,2025-02-24,7,15.0
Axe 3 - SODECI,aller,2025-02-25,7,15.0
Axe 3 - SODECI,aller,2025-02-26,7,14.0
Axe 3 - SODECI,aller,2025-02-27,7,16.0
Axe 3 - SODECI,aller,2025-02-28,7,16.0
Axe 3 - SODECI,aller,2025-02-01,8,12.0
Axe 3 - SODECI,aller,2025-02-02,8,16.0
Axe 3 - SODECI,aller,2025-02-03,8,16.0
Axe 3 - SODECI,aller,2025-02-04,8,15.0
Axe 3 - SODECI,aller,2025-02-05,8,16.0
Axe 3 - SODECI,aller,2025-02-06,8,15.0
Axe 3 - SODECI,aller,2025-02-07,8,17.0
Axe 3 - SODECI,aller,2025-02-08,8,12.0
Axe 3 - SODECI,aller,2025-02-09,8,16.0
Axe 3 - SODECI,aller,2025-02-10,8,22.0
Axe 3 - SODECI,aller,2025-02-11,8,15.0
Axe 3 - SODECI,aller,2025-02-12,8,16.0
Axe 3 - SODECI,aller,2025-02-13,8,17.0
Axe 3 - SODECI,aller,2025-02-14,8,14.0
Axe 3 - SODECI,aller,2025-02-15,8,15.0
Axe 3 - SODECI,aller,2025-02-16,8,15.0
Axe 3 - SODECI,aller,2025-02-17,8,16.0
Axe 3 - SODECI,aller,2025-02-18,8,16.0
Axe 3 - SODECI,aller,2025-02-19,8,16.0
Axe 3 - SODECI,aller,2025-02-20,8,15.0
Axe 3 - SODECI,aller,2025-02-21,8,14.0
Axe 3 - SODECI,aller,2025-02-22,8,12.0
Axe 3 - SODECI,aller,2025-02-23,8,15.0
Axe 3 - SODECI,aller,2025-02-24,8,17.0
Axe 3 - SODECI,aller,2025-02-25,8,16.0
Axe 3 - SODECI,aller,2025-02-26,8,16.0
Axe 3 - SODECI,aller,2025-02-27,8,15.0
Axe 3 - SODECI,aller,2025-02-28,8,17.0
Axe 3 - SODECI,aller,2025-02-01,9,11.0
Axe 3 - SODECI,aller,2025-02-02,9,18.0
Axe 3 - SODECI,aller,2025-02-03,9,19.0
Axe 3 - SODECI,aller,2025-02-04,9,17.0
Axe 3 - SODECI,aller,2025-02-05,9,18.0
Axe 3 - SODECI,aller,2025-02-06,9,17.0
Axe 3 - SODECI,aller,2025-02-07,9,16.0
Axe 3 - SODECI,aller,2025-02-08,9,11.0
Axe 3 - SODECI,aller,2025-02-09,9,18.0
Axe 3 - SODECI,aller,2025-02-10,9,18.0
Axe 3 - SODECI,aller,2025-02-11,9,17.0
Axe 3 - SODECI,aller,2025-02-12,9,17.0
Axe 3 - SODECI,aller,2025-02-13,9,17.0
Axe 3 - SODECI,aller,2025-02-14,9,15.0
Axe 3 - SODECI,aller,2025-02-15,9,14.0
Axe 3 - SODECI,aller,2025-02-16,9,15.0
Axe 3 - SODECI,aller,2025-02-17,9,17.0
Axe 3 - SODECI,aller,2025-02-18,9,19.0
Axe 3 - SODECI,aller,2025-02-19,9,16.0
Axe 3 - SODECI,aller,2025-02-20,9,17.0
Axe 3 - SODECI,aller,2025-02-21,9,14.0
Axe 3 - SODECI,aller,2025-02-22,9,13.0
Axe 3 - SODECI,aller,2025-02-23,9,16.0
Axe 3 - SODECI,aller,2025-02-24,9,17.0
Axe 3 - SODECI,aller,2025-02-25,9,17.0
Axe 3 - SODECI,aller,2025-02-26,9,17.0
Axe 3 - SODECI,aller,2025-02-27,9,20.0
Axe 3 - SODECI,aller,2025-02-28,9,16.0
Axe 3 - SODECI,aller,2025-02-01,10,13.0
Axe 3 - SODECI,aller,2025-02-02,10,18.0
Axe 3 - SODECI,aller,2025-02-03,10,23.0
Axe 3 - SODECI,aller,2025-02-04,10,22.0
Axe 3 - SODECI,aller,2025-02-05,10,19.0
Axe 3 - SODECI,aller,2025-02-06,10,20.0
Axe 3 - SODECI,aller,2025-02-07,10,17.0
Axe 3 - SODECI,aller,2025-02-08,10,13.0
Axe 3 - SODECI,aller,2025-02-09,10,18.0
Axe 3 - SODECI,aller,2025-02-10,10,17.0
Axe 3 - SODECI,aller,2025-02-11,10,19.0
Axe 3 - SODECI,aller,2025-02-12,10,18.0
Axe 3 - SODECI,aller,2025-02-13,10,21.0
Axe 3 - SODECI,aller,2025-02-14,10,15.0
Axe 3 - SODECI,aller,2025-02-15,10,14.0
Axe 3 - SODECI,aller,2025-02-16,10,18.0
Axe 3 - SODECI,aller,2025-02-17,10,18.0
Axe 3 - SODECI,aller,2025-02-18,10,19.0
Axe 3 - SODECI,aller,2025-02-19,10,21.0
Axe 3 - SODECI,aller,2025-02-20,10,21.0
Axe 3 - SODECI,aller,2025-02-21,10,14.0
Axe 3 - SODECI,aller,2025-02-22,10,14.0
Axe 3 - SODECI,aller,2025-02-23,10,20.0
Axe 3 - SODECI,aller,2025-02-24,10,20.0
Axe 3 - SODECI,aller,2025-02-25,10,18.0
Axe 3 - SODECI,aller,2025-02-26,10,22.0
Axe 3 - SODECI,aller,2025-02-27,10,21.0
Axe 3 - SODECI,aller,2025-02-28,10,15.0
Axe 3 - SODECI,aller,2025-02-01,11,15.0
Axe 3 - SODECI,aller,2025-02-02,11,20.0
Axe 3 - SODECI,aller,2025-02-03,11,27.0
Axe 3 - SODECI,aller,2025-02-04,11,21.0
Axe 3 - SODECI,aller,2025-02-05,11,20.0
Axe 3 - SODECI,aller,2025-02-06,11,20.0
Axe 3 - SODECI,aller,2025-02-07,11,16.0
Axe 3 - SODECI,aller,2025-02-08,11,15.0
Axe 3 - SODECI,aller,2025-02-09,11,20.0
Axe 3 - SODECI,aller,2025-02-10,11,22.0
Axe 3 - SODECI,aller,2025-02-11,11,21.0
Axe 3 - SODECI,aller,2025-02-12,11,21.0
Axe 3 - SODECI,aller,2025-02-13,11,20.0
Axe 3 - SODECI,aller,2025-02-14,11,16.0
Axe 3 - SODECI,aller,2025-02-15,11,15.0
Axe 3 - SODECI,aller,2025-02-16,11,18.0
Axe 3 - SODECI,aller,2025-02-17,11,19.0
Axe 3 - SODECI,aller,2025-02-18,11,20.0
Axe 3 - SODECI,aller,2025-02-19,11,22.0
Axe 3 - SODECI,aller,2025-02-20,11,21.0
Axe 3 - SODECI,aller,2025-02-21,11,15.0
Axe 3 - SODECI,aller,2025-02-22,11,14.0
Axe 3 - SODECI,aller,2025-02-23,11,19.0
Axe 3 - SODECI,aller,2025-02-24,11,21.0
Axe 3 - SODECI,aller,2025-02-25,11,20.0
Axe 3 - SODECI,aller,2025-02-26,11,19.0
Axe 3 - SODECI,aller,2025-02-27,11,22.0
Axe 3 - SODECI,aller,2025-02-28,11,14.0
Axe 3 - SODECI,aller,2025-02-01,12,12.0
Axe 3 - SODECI,aller,2025-02-02,12,21.0
Axe 3 - SODECI,aller,2025-02-03,12,24.0
Axe 3 - SODECI,aller,2025-02-04,12,19.0
Axe 3 - SODECI,aller,2025-02-05,12,31.0
Axe 3 - SODECI,aller,2025-02-06,12,31.0
Axe 3 - SODECI,aller,2025-02-07,12,16.0
Axe 3 - SODECI,aller,2025-02-08,12,12.0
Axe 3 - SODECI,aller,2025-02-09,12,21.0
Axe 3 - SODECI,aller,2025-02-10,12,24.0
Axe 3 - SODECI,aller,2025-02-11,12,21.0
Axe 3 - SODECI,aller,2025-02-12,12,19.0
Axe 3 - SODECI,aller,2025-02-13,12,21.0
Axe 3 - SODECI,aller,2025-02-14,12,16.0
Axe 3 - SODECI,aller,2025-02-15,12,14.0
Axe 3 - SODECI,aller,2025-02-16,12,19.0
Axe 3 - SODECI,aller,2025-02-17,12,22.0
Axe 3 - SODECI,aller,2025-02-18,12,20.0
Axe 3 - SODECI,aller,2025-02-19,12,24.0
Axe 3 - SODECI,aller,2025-02-20,12,22.0
Axe 3 - SODECI,aller,2025-02-21,12,15.0
Axe 3 - SODECI,aller,2025-02-22,12,12.0
Axe 3 - SODECI,aller,2025-02-23,12,21.0
Axe 3 - SODECI,aller,2025-02-24,12,21.0
Axe 3 - SODECI,aller,2025-02-25,12,23.0
Axe 3 - SODECI,aller,2025-02-26,12,22.0
Axe 3 - SODECI,aller,2025-02-27,12,25.0
Axe 3 - SODECI,aller,2025-02-28,12,15.0
Axe 3 - SODECI,aller,2025-02-01,13,15.0
Axe 3 - SODECI,aller,2025-02-02,13,20.0
Axe 3 - SODECI,aller,2025-02-03,13,18.0
Axe 3 - SODECI,aller,2025-02-04,13,18.0
Axe 3 - SODECI,aller,2025-02-05,13,21.0
Axe 3 - SODECI,aller,2025-02-06,13,21.0
Axe 3 - SODECI,aller,2025-02-07,13,16.0
Axe 3 - SODECI,aller,2025-02-08,13,15.0
Axe 3 - SODECI,aller,2025-02-09,13,20.0
Axe 3 - SODECI,aller,2025-02-10,13,24.0
Axe 3 - SODECI,aller,2025-02-11,13,19.0
Axe 3 - SODECI,aller,2025-02-12,13,19.0
Axe 3 - SODECI,aller,2025-02-13,13,20.0
Axe 3 - SODECI,aller,2025-02-14,13,15.0
Axe 3 - SODECI,aller,2025-02-15,13,14.0
Axe 3 - SODECI,aller,2025-02-16,13,19.0
Axe 3 - SODECI,aller,2025-02-17,13,19.0
Axe 3 - SODECI,aller,2025-02-18,13,18.0
Axe 3 - SODECI,aller,2025-02-19,13,21.0
Axe 3 - SODECI,aller,2025-02-20,13,21.0
Axe 3 - SODECI,aller,2025-02-21,13,14.0
Axe 3 - SODECI,aller,2025-02-22,13,14.0
Axe 3 - SODECI,aller,2025-02-23,13,18.0
Axe 3 - SODECI,aller,2025-02-24,13,21.0
Axe 3 - SODECI,aller,2025-02-25,13,24.0
Axe 3 - SODECI,aller,2025-02-26,13,19.0
Axe 3 - SODECI,aller,2025-02-27,13,21.0
Axe 3 - SODECI,aller,2025-02-28,13,16.0
Axe 3 - SODECI,aller,2025-02-01,14,13.0
Axe 3 - SODECI,aller,2025-02-02,14,15.0
Axe 3 - SODECI,aller,2025-02-03,14,16.0
Axe 3 - SODECI,aller,2025-02-04,14,17.0
Axe 3 - SODECI,aller,2025-02-05,14,18.0
Axe 3 - SODECI,aller,2025-02-06,14,18.0
Axe 3 - SODECI,aller,2025-02-07,14,17.0
Axe 3 - SODECI,aller,2025-02-08,14,13.0
Axe 3 - SODECI,aller,2025-02-09,14,15.0
Axe 3 - SODECI,aller,2025-02-10,14,19.0
Axe 3 - SODECI,aller,2025-02-11,14,19.0
Axe 3 - SODECI,aller,2025-02-12,14,19.0
Axe 3 - SODECI,aller,2025-02-13,14,17.0
Axe 3 - SODECI,aller,2025-02-14,14,15.0
Axe 3 - SODECI,aller,2025-02-15,14,14.0
Axe 3 - SODECI,aller,2025-02-16,14,17.0
Axe 3 - SODECI,aller,2025-02-17,14,19.0
Axe 3 - SODECI,aller,2025-02-18,14,19.0
Axe 3 - SODECI,aller,2025-02-19,14,19.0
Axe 3 - SODECI,aller,2025-02-20,14,19.0
Axe 3 - SODECI,aller,2025-02-21,14,14.0
Axe 3 - SODECI,aller,2025-02-22,14,16.0
Axe 3 - SODECI,aller,2025-02-23,14,18.0
Axe 3 - SODECI,aller,2025-02-24,14,17.0
Axe 3 - SODECI,aller,2025-02-25,14,18.0
Axe 3 - SODECI,aller,2025-02-26,14,17.0
Axe 3 - SODECI,aller,2025-02-27,14,19.0
Axe 3 - SODECI,aller,2025-02-28,14,15.0
Axe 3 - SODECI,aller,2025-02-01,15,11.0
Axe 3 - SODECI,aller,2025-02-02,15,19.0
Axe 3 - SODECI,aller,2025-02-03,15,20.0
Axe 3 - SODECI,aller,2025-02-04,15,20.0
Axe 3 - SODECI,aller,2025-02-05,15,18.0
Axe 3 - SODECI,aller,2025-02-06,15,18.0
Axe 3 - SODECI,aller,2025-02-07,15,16.0
Axe 3 - SODECI,aller,2025-02-08,15,11.0
Axe 3 - SODECI,aller,2025-02-09,15,19.0
Axe 3 - SODECI,aller,2025-02-10,15,19.0
Axe 3 - SODECI,aller,2025-02-11,15,17.0
Axe 3 - SODECI,aller,2025-02-12,15,19.0
Axe 3 - SODECI,aller,2025-02-13,15,17.0
Axe 3 - SODECI,aller,2025-02-14,15,15.0
Axe 3 - SODECI,aller,2025-02-15,15,11.0
Axe 3 - SODECI,aller,2025-02-16,15,18.0
Axe 3 - SODECI,aller,2025-02-17,15,23.0
Axe 3 - SODECI,aller,2025-02-18,15,19.0
Axe 3 - SODECI,aller,2025-02-19,15,22.0
Axe 3 - SODECI,aller,2025-02-20,15,19.0
Axe 3 - SODECI,aller,2025-02-21,15,15.0
Axe 3 - SODECI,aller,2025-02-22,15,14.0
Axe 3 - SODECI,aller,2025-02-23,15,21.0
Axe 3 - SODECI,aller,2025-02-24,15,20.0
Axe 3 - SODECI,aller,2025-02-25,15,18.0
Axe 3 - SODECI,aller,2025-02-26,15,20.0
Axe 3 - SODECI,aller,2025-02-27,15,17.0
Axe 3 - SODECI,aller,2025-02-28,15,16.0
Axe 3 - SODECI,aller,2025-02-01,16,18.0
Axe 3 - SODECI,aller,2025-02-02,16,22.0
Axe 3 - SODECI,aller,2025-02-03,16,20.0
Axe 3 - SODECI,aller,2025-02-04,16,21.0
Axe 3 - SODECI,aller,2025-02-05,16,19.0
Axe 3 - SODECI,aller,2025-02-06,16,19.0
Axe 3 - SODECI,aller,2025-02-07,16,16.0
Axe 3 - SODECI,aller,2025-02-08,16,12.0
Axe 3 - SODECI,aller,2025-02-09,16,22.0
Axe 3 - SODECI,aller,2025-02-10,16,18.0
Axe 3 - SODECI,aller,2025-02-11,16,19.0
Axe 3 - SODECI,aller,2025-02-12,16,17.0
Axe 3 - SODECI,aller,2025-02-13,16,17.0
Axe 3 - SODECI,aller,2025-02-14,16,15.0
Axe 3 - SODECI,aller,2025-02-15,16,13.0
Axe 3 - SODECI,aller,2025-02-16,16,18.0
Axe 3 - SODECI,aller,2025-02-17,16,20.0
Axe 3 - SODECI,aller,2025-02-18,16,17.0
Axe 3 - SODECI,aller,2025-02-19,16,20.0
Axe 3 - SODECI,aller,2025-02-20,16,18.0
Axe 3 - SODECI,aller,2025-02-21,16,15.0
Axe 3 - SODECI,aller,2025-02-22,16,14.0
Axe 3 - SODECI,aller,2025-02-23,16,18.0
Axe 3 - SODECI,aller,2025-02-24,16,17.0
Axe 3 - SODECI,aller,2025-02-25,16,19.0
Axe 3 - SODECI,aller,2025-02-26,16,19.0
Axe 3 - SODECI,aller,2025-02-27,16,18.0
Axe 3 - SODECI,aller,2025-02-28,16,16.0
Axe 3 - SODECI,aller,2025-02-01,17,15.0
Axe 3 - SODECI,aller,2025-02-02,17,18.0
Axe 3 - SODECI,aller,2025-02-03,17,18.0
Axe 3 - SODECI,aller,2025-02-04,17,18.0
Axe 3 - SODECI,aller,2025-02-05,17,18.0
Axe 3 - SODECI,aller,2025-02-06,17,18.0
Axe 3 - SODECI,aller,2025-02-07,17,15.0
Axe 3 - SODECI,aller,2025-02-08,17,15.0
Axe 3 - SODECI,aller,2025-02-09,17,18.0
Axe 3 - SODECI,aller,2025-02-10,17,17.0
Axe 3 - SODECI,aller,2025-02-11,17,20.0
Axe 3 - SODECI,aller,2025-02-12,17,19.0
Axe 3 - SODECI,aller,2025-02-13,17,18.0
Axe 3 - SODECI,aller,2025-02-14,17,14.0
Axe 3 - SODECI,aller,2025-02-15,17,14.0
Axe 3 - SODECI,aller,2025-02-16,17,18.0
Axe 3 - SODECI,aller,2025-02-17,17,18.0
Axe 3 - SODECI,aller,2025-02-18,17,19.0
Axe 3 - SODECI,aller,2025-02-19,17,20.0
Axe 3 - SODECI,aller,2025-02-20,17,19.0
Axe 3 - SODECI,aller,2025-02-21,17,14.0
Axe 3 - SODECI,aller,2025-02-22,17,13.0
Axe 3 - SODECI,aller,2025-02-23,17,23.0
Axe 3 - SODECI,aller,2025-02-24,17,20.0
Axe 3 - SODECI,aller,2025-02-25,17,16.0
Axe 3 - SODECI,aller,2025-02-26,17,22.0
Axe 3 - SODECI,aller,2025-02-27,17,19.0
Axe 3 - SODECI,aller,2025-02-28,17,15.0
Axe 3 - SODECI,aller,2025-02-01,18,13.0
Axe 3 - SODECI,aller,2025-02-02,18,20.0
Axe 3 - SODECI,aller,2025-02-03,18,16.0
Axe 3 - SODECI,aller,2025-02-04,18,17.0
Axe 3 - SODECI,aller,2025-02-05,18,17.0
Axe 3 - SODECI,aller,2025-02-06,18,17.0
Axe 3 - SODECI,aller,2025-02-07,18,15.0
Axe 3 - SODECI,aller,2025-02-08,18,13.0
Axe 3 - SODECI,aller,2025-02-09,18,20.0
Axe 3 - SODECI,aller,2025-02-10,18,17.0
Axe 3 - SODECI,aller,2025-02-11,18,18.0
Axe 3 - SODECI,aller,2025-02-12,18,16.0
Axe 3 - SODECI,aller,2025-02-13,18,18.0
Axe 3 - SODECI,aller,2025-02-14,18,15.0
Axe 3 - SODECI,aller,2025-02-15,18,15.0
Axe 3 - SODECI,aller,2025-02-16,18,18.0
Axe 3 - SODECI,aller,2025-02-17,18,17.0
Axe 3 - SODECI,aller,2025-02-18,18,15.0
Axe 3 - SODECI,aller,2025-02-19,18,20.0
Axe 3 - SODECI,aller,2025-02-20,18,16.0
Axe 3 - SODECI,aller,2025-02-21,18,14.0
Axe 3 - SODECI,aller,2025-02-22,18,14.0
Axe 3 - SODECI,aller,2025-02-23,18,17.0
Axe 3 - SODECI,aller,2025-02-24,18,18.0
Axe 3 - SODECI,aller,2025-02-25,18,15.0
Axe 3 - SODECI,aller,2025-02-26,18,16.0
Axe 3 - SODECI,aller,2025-02-27,18,16.0
Axe 3 - SODECI,aller,2025-02-28,18,16.0
Axe 1 - CARENA,retour,2025-02-01,7,27.0
Axe 1 - CARENA,retour,2025-02-02,7,27.0
Axe 1 - CARENA,retour,2025-02-03,7,32.0
Axe 1 - CARENA,retour,2025-02-04,7,30.0
Axe 1 - CARENA,retour,2025-02-05,7,31.0
Axe 1 - CARENA,retour,2025-02-06,7,30.0
Axe 1 - CARENA,retour,2025-02-07,7,27.0
Axe 1 - CARENA,retour,2025-02-08,7,27.0
Axe 1 - CARENA,retour,2025-02-09,7,29.0
Axe 1 - CARENA,retour,2025-02-10,7,31.0
Axe 1 - CARENA,retour,2025-02-11,7,30.0
Axe 1 - CARENA,retour,2025-02-12,7,30.0
Axe 1 - CARENA,retour,2025-02-13,7,31.0
Axe 1 - CARENA,retour,2025-02-14,7,27.0
Axe 1 - CARENA,retour,2025-02-15,7,27.0
Axe 1 - CARENA,retour,2025-02-16,7,27.0
Axe 1 - CARENA,retour,2025-02-17,7,34.0
Axe 1 - CARENA,retour,2025-02-18,7,31.0
Axe 1 - CARENA,retour,2025-02-19,7,31.0
Axe 1 - CARENA,retour,2025-02-20,7,33.0
Axe 1 - CARENA,retour,2025-02-21,7,33.0
Axe 1 - CARENA,retour,2025-02-22,7,26.0
Axe 1 - CARENA,retour,2025-02-23,7,30.0
Axe 1 - CARENA,retour,2025-02-24,7,31.0
Axe 1 - CARENA,retour,2025-02-25,7,39.0
Axe 1 - CARENA,retour,2025-02-26,7,31.0
Axe 1 - CARENA,retour,2025-02-27,7,39.0
Axe 1 - CARENA,retour,2025-02-28,7,27.0
Axe 1 - CARENA,retour,2025-02-01,8,27.0
Axe 1 - CARENA,retour,2025-02-02,8,29.0
Axe 1 - CARENA,retour,2025-02-03,8,31.0
Axe 1 - CARENA,retour,2025-02-04,8,31.0
Axe 1 - CARENA,retour,2025-02-05,8,31.0
Axe 1 - CARENA,retour,2025-02-06,8,34.0
Axe 1 - CARENA,retour,2025-02-07,8,29.0
Axe 1 - CARENA,retour,2025-02-08,8,26.0
Axe 1 - CARENA,retour,2025-02-09,8,31.0
Axe 1 - CARENA,retour,2025-02-10,8,31.0
Axe 1 - CARENA,retour,2025-02-11,8,31.0
Axe 1 - CARENA,retour,2025-02-12,8,31.0
Axe 1 - CARENA,retour,2025-02-13,8,31.0
Axe 1 - CARENA,retour,2025-02-14,8,27.0
Axe 1 - CARENA,retour,2025-02-15,8,28.0
Axe 1 - CARENA,retour,2025-02-16,8,29.0
Axe 1 - CARENA,retour,2025-02-17,8,33.0
Axe 1 - CARENA,retour,2025-02-18,8,30.0
Axe 1 - CARENA,retour,2025-02-19,8,37.0
Axe 1 - CARENA,retour,2025-02-20,8,37.0
Axe 1 - CARENA,retour,2025-02-21,8,32.0
Axe 1 - CARENA,retour,2025-02-22,8,26.0
Axe 1 - CARENA,retour,2025-02-23,8,30.0
Axe 1 - CARENA,retour,2025-02-24,8,36.0
Axe 1 - CARENA,retour,2025-02-25,8,40.0
Axe 1 - CARENA,retour,2025-02-26,8,31.0
Axe 1 - CARENA,retour,2025-02-27,8,32.0
Axe 1 - CARENA,retour,2025-02-28,8,27.0
Axe 1 - CARENA,retour,2025-02-01,9,23.0
Axe 1 - CARENA,retour,2025-02-02,9,33.0
Axe 1 - CARENA,retour,2025-02-03,9,35.0
Axe 1 - CARENA,retour,2025-02-04,9,37.0
Axe 1 - CARENA,retour,2025-02-05,9,33.0
Axe 1 - CARENA,retour,2025-02-06,9,38.0
Axe 1 - CARENA,retour,2025-02-07,9,29.0
Axe 1 - CARENA,retour,2025-02-08,9,27.0
Axe 1 - CARENA,retour,2025-02-09,9,30.0
Axe 1 - CARENA,retour,2025-02-10,9,34.0
Axe 1 - CARENA,retour,2025-02-11,9,39.0
Axe 1 - CARENA,retour,2025-02-12,9,33.0
Axe 1 - CARENA,retour,2025-02-13,9,36.0
Axe 1 - CARENA,retour,2025-02-14,9,29.0
Axe 1 - CARENA,retour,2025-02-15,9,29.0
Axe 1 - CARENA,retour,2025-02-16,9,30.0
Axe 1 - CARENA,retour,2025-02-17,9,35.0
Axe 1 - CARENA,retour,2025-02-18,9,44.0
Axe 1 - CARENA,retour,2025-02-19,9,40.0
Axe 1 - CARENA,retour,2025-02-20,9,39.0
Axe 1 - CARENA,retour,2025-02-21,9,34.0
Axe 1 - CARENA,retour,2025-02-22,9,26.0
Axe 1 - CARENA,retour,2025-02-23,9,40.0
Axe 1 - CARENA,retour,2025-02-24,9,39.0
Axe 1 - CARENA,retour,2025-02-25,9,41.0
Axe 1 - CARENA,retour,2025-02-26,9,36.0
Axe 1 - CARENA,retour,2025-02-27,9,34.0
Axe 1 - CARENA,retour,2025-02-28,9,36.0
Axe 1 - CARENA,retour,2025-02-01,10,26.0
Axe 1 - CARENA,retour,2025-02-02,10,43.0
Axe 1 - CARENA,retour,2025-02-03,10,40.0
Axe 1 - CARENA,retour,2025-02-04,10,42.0
Axe 1 - CARENA,retour,2025-02-05,10,37.0
Axe 1 - CARENA,retour,2025-02-06,10,39.0
Axe 1 - CARENA,retour,2025-02-07,10,30.0
Axe 1 - CARENA,retour,2025-02-08,10,26.0
Axe 1 - CARENA,retour,2025-02-09,10,37.0
Axe 1 - CARENA,retour,2025-02-10,10,35.0
Axe 1 - CARENA,retour,2025-02-11,10,37.0
Axe 1 - CARENA,retour,2025-02-12,10,32.0
Axe 1 - CARENA,retour,2025-02-13,10,38.0
Axe 1 - CARENA,retour,2025-02-14,10,29.0
Axe 1 - CARENA,retour,2025-02-15,10,29.0
Axe 1 - CARENA,retour,2025-02-16,10,45.0
Axe 1 - CARENA,retour,2025-02-17,10,41.0
Axe 1 - CARENA,retour,2025-02-18,10,42.0
Axe 1 - CARENA,retour,2025-02-19,10,37.0
Axe 1 - CARENA,retour,2025-02-20,10,39.0
Axe 1 - CARENA,retour,2025-02-21,10,33.0
Axe 1 - CARENA,retour,2025-02-22,10,27.0
Axe 1 - CARENA,retour,2025-02-23,10,37.0
Axe 1 - CARENA,retour,2025-02-24,10,40.0
Axe 1 - CARENA,retour,2025-02-25,10,40.0
Axe 1 - CARENA,retour,2025-02-26,10,36.0
Axe 1 - CARENA,retour,2025-02-27,10,38.0
Axe 1 - CARENA,retour,2025-02-28,10,33.0
Axe 1 - CARENA,retour,2025-02-01,11,26.0
Axe 1 - CARENA,retour,2025-02-02,11,43.0
Axe 1 - CARENA,retour,2025-02-03,11,45.0
Axe 1 - CARENA,retour,2025-02-04,11,42.0
Axe 1 - CARENA,retour,2025-02-05,11,41.0
Axe 1 - CARENA,retour,2025-02-06,11,47.0
Axe 1 - CARENA,retour,2025-02-07,11,30.0
Axe 1 - CARENA,retour,2025-02-08,11,26.0
Axe 1 - CARENA,retour,2025-02-09,11,32.0
Axe 1 - CARENA,retour,2025-02-10,11,37.0
Axe 1 - CARENA,retour,2025-02-11,11,38.0
Axe 1 - CARENA,retour,2025-02-12,11,41.0
Axe 1 - CARENA,retour,2025-02-13,11,38.0
Axe 1 - CARENA,retour,2025-02-14,11,30.0
Axe 1 - CARENA,retour,2025-02-15,11,28.0
Axe 1 - CARENA,retour,2025-02-16,11,42.0
Axe 1 - CARENA,retour,2025-02-17,11,42.0
Axe 1 - CARENA,retour,2025-02-18,11,41.0
Axe 1 - CARENA,retour,2025-02-19,11,41.0
Axe 1 - CARENA,retour,2025-02-20,11,43.0
Axe 1 - CARENA,retour,2025-02-21,11,36.0
Axe 1 - CARENA,retour,2025-02-22,11,26.0
Axe 1 - CARENA,retour,2025-02-23,11,44.0
Axe 1 - CARENA,retour,2025-02-24,11,39.0
Axe 1 - CARENA,retour,2025-02-25,11,44.0
Axe 1 - CARENA,retour,2025-02-26,11,41.0
Axe 1 - CARENA,retour,2025-02-27,11,38.0
Axe 1 - CARENA,retour,2025-02-28,11,35.0
Axe 1 - CARENA,retour,2025-02-01,12,26.0
Axe 1 - CARENA,retour,2025-02-02,12,44.0
Axe 1 - CARENA,retour,2025-02-03,12,36.0
Axe 1 - CARENA,retour,2025-02-04,12,35.0
Axe 1 - CARENA,retour,2025-02-05,12,37.0
Axe 1 - CARENA,retour,2025-02-06,12,48.0
Axe 1 - CARENA,retour,2025-02-07,12,32.0
Axe 1 - CARENA,retour,2025-02-08,12,28.0
Axe 1 - CARENA,retour,2025-02-09,12,36.0
Axe 1 - CARENA,retour,2025-02-10,12,51.0
Axe 1 - CARENA,retour,2025-02-11,12,41.0
Axe 1 - CARENA,retour,2025-02-12,12,46.0
Axe 1 - CARENA,retour,2025-02-13,12,37.0
Axe 1 - CARENA,retour,2025-02-14,12,31.0
Axe 1 - CARENA,retour,2025-02-15,12,28.0
Axe 1 - CARENA,retour,2025-02-16,12,40.0
Axe 1 - CARENA,retour,2025-02-17,12,42.0
Axe 1 - CARENA,retour,2025-02-18,12,41.0
Axe 1 - CARENA,retour,2025-02-19,12,44.0
Axe 1 - CARENA,retour,2025-02-20,12,47.0
Axe 1 - CARENA,retour,2025-02-21,12,32.0
Axe 1 - CARENA,retour,2025-02-22,12,27.0
Axe 1 - CARENA,retour,2025-02-23,12,48.0
Axe 1 - CARENA,retour,2025-02-24,12,40.0
Axe 1 - CARENA,retour,2025-02-25,12,40.0
Axe 1 - CARENA,retour,2025-02-26,12,44.0
Axe 1 - CARENA,retour,2025-02-27,12,43.0
Axe 1 - CARENA,retour,2025-02-28,12,35.0
Axe 1 - CARENA,retour,2025-02-01,13,27.0
Axe 1 - CARENA,retour,2025-02-02,13,44.0
Axe 1 - CARENA,retour,2025-02-03,13,37.0
Axe 1 - CARENA,retour,2025-02-04,13,37.0
Axe 1 - CARENA,retour,2025-02-05,13,38.0
Axe 1 - CARENA,retour,2025-02-06,13,49.0
Axe 1 - CARENA,retour,2025-02-07,13,32.0
Axe 1 - CARENA,retour,2025-02-08,13,25.0
Axe 1 - CARENA,retour,2025-02-09,13,39.0
Axe 1 - CARENA,retour,2025-02-10,13,51.0
Axe 1 - CARENA,retour,2025-02-11,13,33.0
Axe 1 - CARENA,retour,2025-02-12,13,44.0
Axe 1 - CARENA,retour,2025-02-13,13,32.0
Axe 1 - CARENA,retour,2025-02-14,13,31.0
Axe 1 - CARENA,retour,2025-02-15,13,28.0
Axe 1 - CARENA,retour,2025-02-16,13,36.0
Axe 1 - CARENA,retour,2025-02-17,13,40.0
Axe 1 - CARENA,retour,2025-02-18,13,36.0
Axe 1 - CARENA,retour,2025-02-19,13,39.0
Axe 1 - CARENA,retour,2025-02-20,13,34.0
Axe 1 - CARENA,retour,2025-02-21,13,31.0
Axe 1 - CARENA,retour,2025-02-22,13,27.0
Axe 1 - CARENA,retour,2025-02-23,13,39.0
Axe 1 - CARENA,retour,2025-02-24,13,40.0
Axe 1 - CARENA,retour,2025-02-25,13,39.0
Axe 1 - CARENA,retour,2025-02-26,13,37.0
Axe 1 - CARENA,retour,2025-02-27,13,40.0
Axe 1 - CARENA,retour,2025-02-28,13,35.0
Axe 1 - CARENA,retour,2025-02-01,14,28.0
Axe 1 - CARENA,retour,2025-02-02,14,35.0
Axe 1 - CARENA,retour,2025-02-03,14,32.0
Axe 1 - CARENA,retour,2025-02-04,14,44.0
Axe 1 - CARENA,retour,2025-02-05,14,34.0
Axe 1 - CARENA,retour,2025-02-06,14,47.0
Axe 1 - CARENA,retour,2025-02-07,14,31.0
Axe 1 - CARENA,retour,2025-02-08,14,26.0
Axe 1 - CARENA,retour,2025-02-09,14,29.0
Axe 1 - CARENA,retour,2025-02-10,14,38.0
Axe 1 - CARENA,retour,2025-02-11,14,34.0
Axe 1 - CARENA,retour,2025-02-12,14,38.0
Axe 1 - CARENA,retour,2025-02-13,14,34.0
Axe 1 - CARENA,retour,2025-02-14,14,28.0
Axe 1 - CARENA,retour,2025-02-15,14,29.0
Axe 1 - CARENA,retour,2025-02-16,14,39.0
Axe 1 - CARENA,retour,2025-02-17,14,39.0
Axe 1 - CARENA,retour,2025-02-18,14,39.0
Axe 1 - CARENA,retour,2025-02-19,14,45.0
Axe 1 - CARENA,retour,2025-02-20,14,34.0
Axe 1 - CARENA,retour,2025-02-21,14,29.0
Axe 1 - CARENA,retour,2025-02-22,14,28.0
Axe 1 - CARENA,retour,2025-02-23,14,32.0
Axe 1 - CARENA,retour,2025-02-24,14,35.0
Axe 1 - CARENA,retour,2025-02-25,14,36.0
Axe 1 - CARENA,retour,2025-02-26,14,39.0
Axe 1 - CARENA,retour,2025-02-27,14,35.0
Axe 1 - CARENA,retour,2025-02-28,14,31.0
Axe 1 - CARENA,retour,2025-02-01,15,27.0
Axe 1 - CARENA,retour,2025-02-02,15,31.0
Axe 1 - CARENA,retour,2025-02-03,15,39.0
Axe 1 - CARENA,retour,2025-02-04,15,49.0
Axe 1 - CARENA,retour,2025-02-05,15,38.0
Axe 1 - CARENA,retour,2025-02-06,15,37.0
Axe 1 - CARENA,retour,2025-02-07,15,34.0
Axe 1 - CARENA,retour,2025-02-08,15,26.0
Axe 1 - CARENA,retour,2025-02-09,15,31.0
Axe 1 - CARENA,retour,2025-02-10,15,37.0
Axe 1 - CARENA,retour,2025-02-11,15,34.0
Axe 1 - CARENA,retour,2025-02-12,15,45.0
Axe 1 - CARENA,retour,2025-02-13,15,34.0
Axe 1 - CARENA,retour,2025-02-14,15,28.0
Axe 1 - CARENA,retour,2025-02-15,15,26.0
Axe 1 - CARENA,retour,2025-02-16,15,37.0
Axe 1 - CARENA,retour,2025-02-17,15,34.0
Axe 1 - CARENA,retour,2025-02-18,15,38.0
Axe 1 - CARENA,retour,2025-02-19,15,40.0
Axe 1 - CARENA,retour,2025-02-20,15,38.0
Axe 1 - CARENA,retour,2025-02-21,15,35.0
Axe 1 - CARENA,retour,2025-02-22,15,28.0
Axe 1 - CARENA,retour,2025-02-23,15,42.0
Axe 1 - CARENA,retour,2025-02-24,15,34.0
Axe 1 - CARENA,retour,2025-02-25,15,49.0
Axe 1 - CARENA,retour,2025-02-26,15,38.0
Axe 1 - CARENA,retour,2025-02-27,15,34.0
Axe 1 - CARENA,retour,2025-02-28,15,30.0
Axe 1 - CARENA,retour,2025-02-01,16,27.0
Axe 1 - CARENA,retour,2025-02-02,16,34.0
Axe 1 - CARENA,retour,2025-02-03,16,40.0
Axe 1 - CARENA,retour,2025-02-04,16,50.0
Axe 1 - CARENA,retour,2025-02-05,16,37.0
Axe 1 - CARENA,retour,2025-02-06,16,36.0
Axe 1 - CARENA,retour,2025-02-07,16,30.0
Axe 1 - CARENA,retour,2025-02-08,16,26.0
Axe 1 - CARENA,retour,2025-02-09,16,33.0
Axe 1 - CARENA,retour,2025-02-10,16,39.0
Axe 1 - CARENA,retour,2025-02-11,16,36.0
Axe 1 - CARENA,retour,2025-02-12,16,39.0
Axe 1 - CARENA,retour,2025-02-13,16,34.0
Axe 1 - CARENA,retour,2025-02-14,16,28.0
Axe 1 - CARENA,retour,2025-02-15,16,27.0
Axe 1 - CARENA,retour,2025-02-16,16,45.0
Axe 1 - CARENA,retour,2025-02-17,16,43.0
Axe 1 - CARENA,retour,2025-02-18,16,41.0
Axe 1 - CARENA,retour,2025-02-19,16,48.0
Axe 1 - CARENA,retour,2025-02-20,16,40.0
Axe 1 - CARENA,retour,2025-02-21,16,28.0
Axe 1 - CARENA,retour,2025-02-22,16,28.0
Axe 1 - CARENA,retour,2025-02-23,16,41.0
Axe 1 - CARENA,retour,2025-02-24,16,40.0
Axe 1 - CARENA,retour,2025-02-25,16,59.0
Axe 1 - CARENA,retour,2025-02-26,16,44.0
Axe 1 - CARENA,retour,2025-02-27,16,34.0
Axe 1 - CARENA,retour,2025-02-28,16,31.0
Axe 1 - CARENA,retour,2025-02-01,17,29.0
Axe 1 - CARENA,retour,2025-02-02,17,42.0
Axe 1 - CARENA,retour,2025-02-03,17,43.0
Axe 1 - CARENA,retour,2025-02-04,17,53.0
Axe 1 - CARENA,retour,2025-02-05,17,36.0
Axe 1 - CARENA,retour,2025-02-06,17,43.0
Axe 1 - CARENA,retour,2025-02-07,17,27.0
Axe 1 - CARENA,retour,2025-02-08,17,29.0
Axe 1 - CARENA,retour,2025-02-09,17,39.0
Axe 1 - CARENA,retour,2025-02-10,17,38.0
Axe 1 - CARENA,retour,2025-02-11,17,50.0
Axe 1 - CARENA,retour,2025-02-12,17,50.0
Axe 1 - CARENA,retour,2025-02-13,17,40.0
Axe 1 - CARENA,retour,2025-02-14,17,28.0
Axe 1 - CARENA,retour,2025-02-15,17,27.0
Axe 1 - CARENA,retour,2025-02-16,17,45.0
Axe 1 - CARENA,retour,2025-02-17,17,46.0
Axe 1 - CARENA,retour,2025-02-18,17,33.0
Axe 1 - CARENA,retour,2025-02-19,17,55.0
Axe 1 - CARENA,retour,2025-02-20,17,40.0
Axe 1 - CARENA,retour,2025-02-21,17,21.0
Axe 1 - CARENA,retour,2025-02-22,17,28.0
Axe 1 - CARENA,retour,2025-02-23,17,52.0
Axe 1 - CARENA,retour,2025-02-24,17,42.0
Axe 1 - CARENA,retour,2025-02-25,17,52.0
Axe 1 - CARENA,retour,2025-02-26,17,56.0
Axe 1 - CARENA,retour,2025-02-27,17,46.0
Axe 1 - CARENA,retour,2025-02-28,17,29.0
Axe 1 - CARENA,retour,2025-02-01,18,28.0
Axe 1 - CARENA,retour,2025-02-02,18,42.0
Axe 1 - CARENA,retour,2025-02-03,18,41.0
Axe 1 - CARENA,retour,2025-02-04,18,46.0
Axe 1 - CARENA,retour,2025-02-05,18,35.0
Axe 1 - CARENA,retour,2025-02-06,18,41.0
Axe 1 - CARENA,retour,2025-02-07,18,28.0
Axe 1 - CARENA,retour,2025-02-08,18,28.0
Axe 1 - CARENA,retour,2025-02-09,18,43.0
Axe 1 - CARENA,retour,2025-02-10,18,35.0
Axe 1 - CARENA,retour,2025-02-11,18,44.0
Axe 1 - CARENA,retour,2025-02-12,18,44.0
Axe 1 - CARENA,retour,2025-02-13,18,37.0
Axe 1 - CARENA,retour,2025-02-14,18,25.0
Axe 1 - CARENA,retour,2025-02-15,18,26.0
Axe 1 - CARENA,retour,2025-02-16,18,61.0
Axe 1 - CARENA,retour,2025-02-17,18,41.0
Axe 1 - CARENA,retour,2025-02-18,18,43.0
Axe 1 - CARENA,retour,2025-02-19,18,48.0
Axe 1 - CARENA,retour,2025-02-20,18,43.0
Axe 1 - CARENA,retour,2025-02-21,18,28.0
Axe 1 - CARENA,retour,2025-02-22,18,27.0
Axe 1 - CARENA,retour,2025-02-23,18,57.0
Axe 1 - CARENA,retour,2025-02-24,18,40.0
Axe 1 - CARENA,retour,2025-02-25,18,39.0
Axe 1 - CARENA,retour,2025-02-26,18,46.0
Axe 1 - CARENA,retour,2025-02-27,18,38.0
Axe 1 - CARENA,retour,2025-02-28,18,29.0
Axe 2 - TOYOTA CFAO,retour,2025-02-01,7,13.0
Axe 2 - TOYOTA CFAO,retour,2025-02-02,7,13.0
Axe 2 - TOYOTA CFAO,retour,2025-02-03,7,15.0
Axe 2 - TOYOTA CFAO,retour,2025-02-04,7,14.0
Axe 2 - TOYOTA CFAO,retour,2025-02-05,7,15.0
Axe 2 - TOYOTA CFAO,retour,2025-02-06,7,14.0
Axe 2 - TOYOTA CFAO,retour,2025-02-07,7,13.0
Axe 2 - TOYOTA CFAO,retour,2025-02-08,7,12.0
Axe 2 - TOYOTA CFAO,retour,2025-02-09,7,13.0
Axe 2 - TOYOTA CFAO,retour,2025-02-10,7,16.0
Axe 2 - TOYOTA CFAO,retour,2025-02-11,7,15.0
Axe 2 - TOYOTA CFAO,retour,2025-02-12,7,15.0
Axe 2 - TOYOTA CFAO,retour,2025-02-13,7,17.0
Axe 2 - TOYOTA CFAO,retour,2025-02-14,7,13.0
Axe 2 - TOYOTA CFAO,retour,2025-02-15,7,12.0
Axe 2 - TOYOTA CFAO,retour,2025-02-16,7,17.0
Axe 2 - TOYOTA CFAO,retour,2025-02-17,7,16.0
Axe 2 - TOYOTA CFAO,retour,2025-02-18,7,15.0
Axe 2 - TOYOTA CFAO,retour,2025-02-19,7,14.0
Axe 2 - TOYOTA CFAO,retour,2025-02-20,7,16.0
Axe 2 - TOYOTA CFAO,retour,2025-02-21,7,12.0
Axe 2 - TOYOTA CFAO,retour,2025-02-22,7,12.0
Axe 2 - TOYOTA CFAO,retour,2025-02-23,7,16.0
Axe 2 - TOYOTA CFAO,retour,2025-02-24,7,16.0
Axe 2 - TOYOTA CFAO,retour,2025-02-25,7,16.0
Axe 2 - TOYOTA CFAO,retour,2025-02-26,7,15.0
Axe 2 - TOYOTA CFAO,retour,2025-02-27,7,16.0
Axe 2 - TOYOTA CFAO,retour,2025-02-28,7,12.0
Axe 2 - TOYOTA CFAO,retour,2025-02-01,8,13.0
Axe 2 - TOYOTA CFAO,retour,2025-02-02,8,15.0
Axe 2 - TOYOTA CFAO,retour,2025-02-03,8,16.0
Axe 2 - TOYOTA CFAO,retour,2025-02-04,8,16.0
Axe 2 - TOYOTA CFAO,retour,2025-02-05,8,17.0
Axe 2 - TOYOTA CFAO,retour,2025-02-06,8,15.0
Axe 2 - TOYOTA CFAO,retour,2025-02-07,8,13.0
Axe 2 - TOYOTA CFAO,retour,2025-02-08,8,13.0
Axe 2 - TOYOTA CFAO,retour,2025-02-09,8,16.0
Axe 2 - TOYOTA CFAO,retour,2025-02-10,8,16.0
Axe 2 - TOYOTA CFAO,retour,2025-02-11,8,16.0
Axe 2 - TOYOTA CFAO,retour,2025-02-12,8,16.0
Axe 2 - TOYOTA CFAO,retour,2025-02-13,8,18.0
Axe 2 - TOYOTA CFAO,retour,2025-02-14,8,12.0
Axe 2 - TOYOTA CFAO,retour,2025-02-15,8,13.0
Axe 2 - TOYOTA CFAO,retour,2025-02-16,8,17.0
Axe 2 - TOYOTA CFAO,retour,2025-02-17,8,16.0
Axe 2 - TOYOTA CFAO,retour,2025-02-18,8,16.0
Axe 2 - TOYOTA CFAO,retour,2025-02-19,8,14.0
Axe 2 - TOYOTA CFAO,retour,2025-02-20,8,17.0
Axe 2 - TOYOTA CFAO,retour,2025-02-21,8,12.0
Axe 2 - TOYOTA CFAO,retour,2025-02-22,8,13.0
Axe 2 - TOYOTA CFAO,retour,2025-02-23,8,15.0
Axe 2 - TOYOTA CFAO,retour,2025-02-24,8,17.0
Axe 2 - TOYOTA CFAO,retour,2025-02-25,8,16.0
Axe 2 - TOYOTA CFAO,retour,2025-02-26,8,16.0
Axe 2 - TOYOTA CFAO,retour,2025-02-27,8,16.0
Axe 2 - TOYOTA CFAO,retour,2025-02-28,8,12.0
Axe 2 - TOYOTA CFAO,retour,2025-02-01,9,14.0
Axe 2 - TOYOTA CFAO,retour,2025-02-02,9,18.0
Axe 2 - TOYOTA CFAO,retour,2025-02-03,9,20.0
Axe 2 - TOYOTA CFAO,retour,2025-02-04,9,19.0
Axe 2 - TOYOTA CFAO,retour,2025-02-05,9,17.0
Axe 2 - TOYOTA CFAO,retour,2025-02-06,9,19.0
Axe 2 - TOYOTA CFAO,retour,2025-02-07,9,13.0
Axe 2 - TOYOTA CFAO,retour,2025-02-08,9,13.0
Axe 2 - TOYOTA CFAO,retour,2025-02-09,9,16.0
Axe 2 - TOYOTA CFAO,retour,2025-02-10,9,21.0
Axe 2 - TOYOTA CFAO,retour,2025-02-11,9,21.0
Axe 2 - TOYOTA CFAO,retour,2025-02-12,9,21.0
Axe 2 - TOYOTA CFAO,retour,2025-02-13,9,18.0
Axe 2 - TOYOTA CFAO,retour,2025-02-14,9,12.0
Axe 2 - TOYOTA CFAO,retour,2025-02-15,9,12.0
Axe 2 - TOYOTA CFAO,retour,2025-02-16,9,17.0
Axe 2 - TOYOTA CFAO,retour,2025-02-17,9,18.0
Axe 2 - TOYOTA CFAO,retour,2025-02-18,9,21.0
Axe 2 - TOYOTA CFAO,retour,2025-02-19,9,18.0
Axe 2 - TOYOTA CFAO,retour,2025-02-20,9,18.0
Axe 2 - TOYOTA CFAO,retour,2025-02-21,9,13.0
Axe 2 - TOYOTA CFAO,retour,2025-02-22,9,12.0
Axe 2 - TOYOTA CFAO,retour,2025-02-23,9,20.0
Axe 2 - TOYOTA CFAO,retour,2025-02-24,9,19.0
Axe 2 - TOYOTA CFAO,retour,2025-02-25,9,19.0
Axe 2 - TOYOTA CFAO,retour,2025-02-26,9,22.0
Axe 2 - TOYOTA CFAO,retour,2025-02-27,9,20.0
Axe 2 - TOYOTA CFAO,retour,2025-02-28,9,13.0
Axe 2 - TOYOTA CFAO,retour,2025-02-01,10,13.0
Axe 2 - TOYOTA CFAO,retour,2025-02-02,10,18.0
Axe 2 - TOYOTA CFAO,retour,2025-02-03,10,26.0
Axe 2 - TOYOTA CFAO,retour,2025-02-04,10,20.0
Axe 2 - TOYOTA CFAO,retour,2025-02-05,10,21.0
Axe 2 - TOYOTA CFAO,retour,2025-02-06,10,21.0
Axe 2 - TOYOTA CFAO,retour,2025-02-07,10,14.0
Axe 2 - TOYOTA CFAO,retour,2025-02-08,10,12.0
Axe 2 - TOYOTA CFAO,retour,2025-02-09,10,20.0
Axe 2 - TOYOTA CFAO,retour,2025-02-10,10,21.0
Axe 2 - TOYOTA CFAO,retour,2025-02-11,10,21.0
Axe 2 - TOYOTA CFAO,retour,2025-02-12,10,18.0
Axe 2 - TOYOTA CFAO,retour,2025-02-13,10,18.0
Axe 2 - TOYOTA CFAO,retour,2025-02-14,10,13.0
Axe 2 - TOYOTA CFAO,retour,2025-02-15,10,12.0
Axe 2 - TOYOTA CFAO,retour,2025-02-16,10,20.0
Axe 2 - TOYOTA CFAO,retour,2025-02-17,10,22.0
Axe 2 - TOYOTA CFAO,retour,2025-02-18,10,20.0
Axe 2 - TOYOTA CFAO,retour,2025-02-19,10,19.0
Axe 2 - TOYOTA CFAO,retour,2025-02-20,10,21.0
Axe 2 - TOYOTA CFAO,retour,2025-02-21,10,13.0
Axe 2 - TOYOTA CFAO,retour,2025-02-22,10,12.0
Axe 2 - TOYOTA CFAO,retour,2025-02-23,10,20.0
Axe 2 - TOYOTA CFAO,retour,2025-02-24,10,21.0
Axe 2 - TOYOTA CFAO,retour,2025-02-25,10,20.0
Axe 2 - TOYOTA CFAO,retour,2025-02-26,10,21.0
Axe 2 - TOYOTA CFAO,retour,2025-02-27,10,21.0
Axe 2 - TOYOTA CFAO,retour,2025-02-28,10,13.0
Axe 2 - TOYOTA CFAO,retour,2025-02-01,11,13.0
Axe 2 - TOYOTA CFAO,retour,2025-02-02,11,20.0
Axe 2 - TOYOTA CFAO,retour,2025-02-03,11,35.0
Axe 2 - TOYOTA CFAO,retour,2025-02-04,11,26.0
Axe 2 - TOYOTA CFAO,retour,2025-02-05,11,23.0
Axe 2 - TOYOTA CFAO,retour,2025-02-06,11,25.0
Axe 2 - TOYOTA CFAO,retour,2025-02-07,11,14.0
Axe 2 - TOYOTA CFAO,retour,2025-02-08,11,13.0
Axe 2 - TOYOTA CFAO,retour,2025-02-09,11,20.0
Axe 2 - TOYOTA CFAO,retour,2025-02-10,11,23.0
Axe 2 - TOYOTA CFAO,retour,2025-02-11,11,21.0
Axe 2 - TOYOTA CFAO,retour,2025-02-12,11,24.0
Axe 2 - TOYOTA CFAO,retour,2025-02-13,11,21.0
Axe 2 - TOYOTA CFAO,retour,2025-02-14,11,14.0
Axe 2 - TOYOTA CFAO,retour,2025-02-15,11,13.0
Axe 2 - TOYOTA CFAO,retour,2025-02-16,11,19.0
Axe 2 - TOYOTA CFAO,retour,2025-02-17,11,21.0
Axe 2 - TOYOTA CFAO,retour,2025-02-18,11,20.0
Axe 2 - TOYOTA CFAO,retour,2025-02-19,11,22.0
Axe 2 - TOYOTA CFAO,retour,2025-02-20,11,23.0
Axe 2 - TOYOTA CFAO,retour,2025-02-21,11,14.0
Axe 2 - TOYOTA CFAO,retour,2025-02-22,11,13.0
Axe 2 - TOYOTA CFAO,retour,2025-02-23,11,20.0
Axe 2 - TOYOTA CFAO,retour,2025-02-24,11,21.0
Axe 2 - TOYOTA CFAO,retour,2025-02-25,11,26.0
Axe 2 - TOYOTA CFAO,retour,2025-02-26,11,20.0
Axe 2 - TOYOTA CFAO,retour,2025-02-27,11,24.0
Axe 2 - TOYOTA CFAO,retour,2025-02-28,11,14.0
Axe 2 - TOYOTA CFAO,retour,2025-02-01,12,14.0
Axe 2 - TOYOTA CFAO,retour,2025-02-02,12,20.0
Axe 2 - TOYOTA CFAO,retour,2025-02-03,12,31.0
Axe 2 - TOYOTA CFAO,retour,2025-02-04,12,20.0
Axe 2 - TOYOTA CFAO,retour,2025-02-05,12,24.0
Axe 2 - TOYOTA CFAO,retour,2025-02-06,12,32.0
Axe 2 - TOYOTA CFAO,retour,2025-02-07,12,14.0
Axe 2 - TOYOTA CFAO,retour,2025-02-08,12,14.0
Axe 2 - TOYOTA CFAO,retour,2025-02-09,12,22.0
Axe 2 - TOYOTA CFAO,retour,2025-02-10,12,31.0
Axe 2 - TOYOTA CFAO,retour,2025-02-11,12,23.0
Axe 2 - TOYOTA CFAO,retour,2025-02-12,12,33.0
Axe 2 - TOYOTA CFAO,retour,2025-02-13,12,22.0
Axe 2 - TOYOTA CFAO,retour,2025-02-14,12,14.0
Axe 2 - TOYOTA CFAO,retour,2025-02-15,12,13.0
Axe 2 - TOYOTA CFAO,retour,2025-02-16,12,20.0
Axe 2 - TOYOTA CFAO,retour,2025-02-17,12,25.0
Axe 2 - TOYOTA CFAO,retour,2025-02-18,12,21.0
Axe 2 - TOYOTA CFAO,retour,2025-02-19,12,21.0
Axe 2 - TOYOTA CFAO,retour,2025-02-20,12,23.0
Axe 2 - TOYOTA CFAO,retour,2025-02-21,12,13.0
Axe 2 - TOYOTA CFAO,retour,2025-02-22,12,13.0
Axe 2 - TOYOTA CFAO,retour,2025-02-23,12,20.0
Axe 2 - TOYOTA CFAO,retour,2025-02-24,12,23.0
Axe 2 - TOYOTA CFAO,retour,2025-02-25,12,22.0
Axe 2 - TOYOTA CFAO,retour,2025-02-26,12,25.0
Axe 2 - TOYOTA CFAO,retour,2025-02-27,12,22.0
Axe 2 - TOYOTA CFAO,retour,2025-02-28,12,13.0
Axe 2 - TOYOTA CFAO,retour,2025-02-01,13,13.0
Axe 2 - TOYOTA CFAO,retour,2025-02-02,13,21.0
Axe 2 - TOYOTA CFAO,retour,2025-02-03,13,22.0
Axe 2 - TOYOTA CFAO,retour,2025-02-04,13,26.0
Axe 2 - TOYOTA CFAO,retour,2025-02-05,13,22.0
Axe 2 - TOYOTA CFAO,retour,2025-02-06,13,22.0
Axe 2 - TOYOTA CFAO,retour,2025-02-07,13,14.0
Axe 2 - TOYOTA CFAO,retour,2025-02-08,13,13.0
Axe 2 - TOYOTA CFAO,retour,2025-02-09,13,19.0
Axe 2 - TOYOTA CFAO,retour,2025-02-10,13,37.0
Axe 2 - TOYOTA CFAO,retour,2025-02-11,13,21.0
Axe 2 - TOYOTA CFAO,retour,2025-02-12,13,23.0
Axe 2 - TOYOTA CFAO,retour,2025-02-13,13,22.0
Axe 2 - TOYOTA CFAO,retour,2025-02-14,13,14.0
Axe 2 - TOYOTA CFAO,retour,2025-02-15,13,14.0
Axe 2 - TOYOTA CFAO,retour,2025-02-16,13,21.0
Axe 2 - TOYOTA CFAO,retour,2025-02-17,13,22.0
Axe 2 - TOYOTA CFAO,retour,2025-02-18,13,19.0
Axe 2 - TOYOTA CFAO,retour,2025-02-19,13,22.0
Axe 2 - TOYOTA CFAO,retour,2025-02-20,13,21.0
Axe 2 - TOYOTA CFAO,retour,2025-02-21,13,12.0
Axe 2 - TOYOTA CFAO,retour,2025-02-22,13,13.0
Axe 2 - TOYOTA CFAO,retour,2025-02-23,13,18.0
Axe 2 - TOYOTA CFAO,retour,2025-02-24,13,21.0
Axe 2 - TOYOTA CFAO,retour,2025-02-25,13,17.0
Axe 2 - TOYOTA CFAO,retour,2025-02-26,13,21.0
Axe 2 - TOYOTA CFAO,retour,2025-02-27,13,22.0
Axe 2 - TOYOTA CFAO,retour,2025-02-28,13,12.0
Axe 2 - TOYOTA CFAO,retour,2025-02-01,14,13.0
Axe 2 - TOYOTA CFAO,retour,2025-02-02,14,19.0
Axe 2 - TOYOTA CFAO,retour,2025-02-03,14,19.0
Axe 2 - TOYOTA CFAO,retour,2025-02-04,14,20.0
Axe 2 - TOYOTA CFAO,retour,2025-02-05,14,18.0
Axe 2 - TOYOTA CFAO,retour,2025-02-06,14,20.0
Axe 2 - TOYOTA CFAO,retour,2025-02-07,14,13.0
Axe 2 - TOYOTA CFAO,retour,2025-02-08,14,13.0
Axe 2 - TOYOTA CFAO,retour,2025-02-09,14,18.0
Axe 2 - TOYOTA CFAO,retour,2025-02-10,14,26.0
Axe 2 - TOYOTA CFAO,retour,2025-02-11,14,21.0
Axe 2 - TOYOTA CFAO,retour,2025-02-12,14,17.0
Axe 2 - TOYOTA CFAO,retour,2025-02-13,14,22.0
Axe 2 - TOYOTA CFAO,retour,2025-02-14,14,13.0
Axe 2 - TOYOTA CFAO,retour,2025-02-15,14,14.0
Axe 2 - TOYOTA CFAO,retour,2025-02-16,14,20.0
Axe 2 - TOYOTA CFAO,retour,2025-02-17,14,18.0
Axe 2 - TOYOTA CFAO,retour,2025-02-18,14,20.0
Axe 2 - TOYOTA CFAO,retour,2025-02-19,14,17.0
Axe 2 - TOYOTA CFAO,retour,2025-02-20,14,19.0
Axe 2 - TOYOTA CFAO,retour,2025-02-21,14,13.0
Axe 2 - TOYOTA CFAO,retour,2025-02-22,14,14.0
Axe 2 - TOYOTA CFAO,retour,2025-02-23,14,17.0
Axe 2 - TOYOTA CFAO,retour,2025-02-24,14,19.0
Axe 2 - TOYOTA CFAO,retour,2025-02-25,14,19.0
Axe 2 - TOYOTA CFAO,retour,2025-02-26,14,19.0
Axe 2 - TOYOTA CFAO,retour,2025-02-27,14,19.0
Axe 2 - TOYOTA CFAO,retour,2025-02-28,14,13.0
Axe 2 - TOYOTA CFAO,retour,2025-02-01,15,13.0
Axe 2 - TOYOTA CFAO,retour,2025-02-02,15,20.0
Axe 2 - TOYOTA CFAO,retour,2025-02-03,15,21.0
Axe 2 - TOYOTA CFAO,retour,2025-02-04,15,23.0
Axe 2 - TOYOTA CFAO,retour,2025-02-05,15,25.0
Axe 2 - TOYOTA CFAO,retour,2025-02-06,15,22.0
Axe 2 - TOYOTA CFAO,retour,2025-02-07,15,14.0
Axe 2 - TOYOTA CFAO,retour,2025-02-08,15,12.0
Axe 2 - TOYOTA CFAO,retour,2025-02-09,15,19.0
Axe 2 - TOYOTA CFAO,retour,2025-02-10,15,22.0
Axe 2 - TOYOTA CFAO,retour,2025-02-11,15,21.0
Axe 2 - TOYOTA CFAO,retour,2025-02-12,15,26.0
Axe 2 - TOYOTA CFAO,retour,2025-02-13,15,22.0
Axe 2 - TOYOTA CFAO,retour,2025-02-14,15,12.0
Axe 2 - TOYOTA CFAO,retour,2025-02-15,15,13.0
Axe 2 - TOYOTA CFAO,retour,2025-02-16,15,21.0
Axe 2 - TOYOTA CFAO,retour,2025-02-17,15,20.0
Axe 2 - TOYOTA CFAO,retour,2025-02-18,15,23.0
Axe 2 - TOYOTA CFAO,retour,2025-02-19,15,24.0
Axe 2 - TOYOTA CFAO,retour,2025-02-20,15,19.0
Axe 2 - TOYOTA CFAO,retour,2025-02-21,15,13.0
Axe 2 - TOYOTA CFAO,retour,2025-02-22,15,13.0
Axe 2 - TOYOTA CFAO,retour,2025-02-23,15,24.0
Axe 2 - TOYOTA CFAO,retour,2025-02-24,15,19.0
Axe 2 - TOYOTA CFAO,retour,2025-02-25,15,18.0
Axe 2 - TOYOTA CFAO,retour,2025-02-26,15,27.0
Axe 2 - TOYOTA CFAO,retour,2025-02-27,15,22.0
Axe 2 - TOYOTA CFAO,retour,2025-02-28,15,13.0
Axe 2 - TOYOTA CFAO,retour,2025-02-01,16,14.0
Axe 2 - TOYOTA CFAO,retour,2025-02-02,16,21.0
Axe 2 - TOYOTA CFAO,retour,2025-02-03,16,21.0
Axe 2 - TOYOTA CFAO,retour,2025-02-04,16,27.0
Axe 2 - TOYOTA CFAO,retour,2025-02-05,16,23.0
Axe 2 - TOYOTA CFAO,retour,2025-02-06,16,17.0
Axe 2 - TOYOTA CFAO,retour,2025-02-07,16,13.0
Axe 2 - TOYOTA CFAO,retour,2025-02-08,16,12.0
Axe 2 - TOYOTA CFAO,retour,2025-02-09,16,22.0
Axe 2 - TOYOTA CFAO,retour,2025-02-10,16,19.0
Axe 2 - TOYOTA CFAO,retour,2025-02-11,16,20.0
Axe 2 - TOYOTA CFAO,retour,2025-02-12,16,22.0
Axe 2 - TOYOTA CFAO,retour,2025-02-13,16,22.0
Axe 2 - TOYOTA CFAO,retour,2025-02-14,16,13.0
Axe 2 - TOYOTA CFAO,retour,2025-02-15,16,13.0
Axe 2 - TOYOTA CFAO,retour,2025-02-16,16,22.0
Axe 2 - TOYOTA CFAO,retour,2025-02-17,16,22.0
Axe 2 - TOYOTA CFAO,retour,2025-02-18,16,19.0
Axe 2 - TOYOTA CFAO,retour,2025-02-19,16,27.0
Axe 2 - TOYOTA CFAO,retour,2025-02-20,16,21.0
Axe 2 - TOYOTA CFAO,retour,2025-02-21,16,13.0
Axe 2 - TOYOTA CFAO,retour,2025-02-22,16,12.0
Axe 2 - TOYOTA CFAO,retour,2025-02-23,16,21.0
Axe 2 - TOYOTA CFAO,retour,2025-02-24,16,19.0
Axe 2 - TOYOTA CFAO,retour,2025-02-25,16,38.0
Axe 2 - TOYOTA CFAO,retour,2025-02-26,16,27.0
Axe 2 - TOYOTA CFAO,retour,2025-02-27,16,19.0
Axe 2 - TOYOTA CFAO,retour,2025-02-28,16,13.0
Axe 2 - TOYOTA CFAO,retour,2025-02-01,17,14.0
Axe 2 - TOYOTA CFAO,retour,2025-02-02,17,22.0
Axe 2 - TOYOTA CFAO,retour,2025-02-03,17,20.0
Axe 2 - TOYOTA CFAO,retour,2025-02-04,17,20.0
Axe 2 - TOYOTA CFAO,retour,2025-02-05,17,19.0
Axe 2 - TOYOTA CFAO,retour,2025-02-06,17,19.0
Axe 2 - TOYOTA CFAO,retour,2025-02-07,17,14.0
Axe 2 - TOYOTA CFAO,retour,2025-02-08,17,13.0
Axe 2 - TOYOTA CFAO,retour,2025-02-09,17,20.0
Axe 2 - TOYOTA CFAO,retour,2025-02-10,17,21.0
Axe 2 - TOYOTA CFAO,retour,2025-02-11,17,20.0
Axe 2 - TOYOTA CFAO,retour,2025-02-12,17,23.0
Axe 2 - TOYOTA CFAO,retour,2025-02-13,17,21.0
Axe 2 - TOYOTA CFAO,retour,2025-02-14,17,13.0
Axe 2 - TOYOTA CFAO,retour,2025-02-15,17,13.0
Axe 2 - TOYOTA CFAO,retour,2025-02-16,17,24.0
Axe 2 - TOYOTA CFAO,retour,2025-02-17,17,23.0
Axe 2 - TOYOTA CFAO,retour,2025-02-18,17,20.0
Axe 2 - TOYOTA CFAO,retour,2025-02-19,17,21.0
Axe 2 - TOYOTA CFAO,retour,2025-02-20,17,19.0
Axe 2 - TOYOTA CFAO,retour,2025-02-21,17,12.0
Axe 2 - TOYOTA CFAO,retour,2025-02-22,17,12.0
Axe 2 - TOYOTA CFAO,retour,2025-02-23,17,18.0
Axe 2 - TOYOTA CFAO,retour,2025-02-24,17,18.0
Axe 2 - TOYOTA CFAO,retour,2025-02-25,17,22.0
Axe 2 - TOYOTA CFAO,retour,2025-02-26,17,20.0
Axe 2 - TOYOTA CFAO,retour,2025-02-27,17,19.0
Axe 2 - TOYOTA CFAO,retour,2025-02-28,17,12.0
Axe 2 - TOYOTA CFAO,retour,2025-02-01,18,14.0
Axe 2 - TOYOTA CFAO,retour,2025-02-02,18,21.0
Axe 2 - TOYOTA CFAO,retour,2025-02-03,18,21.0
Axe 2 - TOYOTA CFAO,retour,2025-02-04,18,19.0
Axe 2 - TOYOTA CFAO,retour,2025-02-05,18,21.0
Axe 2 - TOYOTA CFAO,retour,2025-02-06,18,19.0
Axe 2 - TOYOTA CFAO,retour,2025-02-07,18,13.0
Axe 2 - TOYOTA CFAO,retour,2025-02-08,18,13.0
Axe 2 - TOYOTA CFAO,retour,2025-02-09,18,22.0
Axe 2 - TOYOTA CFAO,retour,2025-02-10,18,21.0
Axe 2 - TOYOTA CFAO,retour,2025-02-11,18,21.0
Axe 2 - TOYOTA CFAO,retour,2025-02-12,18,21.0
Axe 2 - TOYOTA CFAO,retour,2025-02-13,18,21.0
Axe 2 - TOYOTA CFAO,retour,2025-02-14,18,13.0
Axe 2 - TOYOTA CFAO,retour,2025-02-15,18,12.0
Axe 2 - TOYOTA CFAO,retour,2025-02-16,18,22.0
Axe 2 - TOYOTA CFAO,retour,2025-02-17,18,20.0
Axe 2 - TOYOTA CFAO,retour,2025-02-18,18,18.0
Axe 2 - TOYOTA CFAO,retour,2025-02-19,18,20.0
Axe 2 - TOYOTA CFAO,retour,2025-02-20,18,20.0
Axe 2 - TOYOTA CFAO,retour,2025-02-21,18,12.0
Axe 2 - TOYOTA CFAO,retour,2025-02-22,18,12.0
Axe 2 - TOYOTA CFAO,retour,2025-02-23,18,19.0
Axe 2 - TOYOTA CFAO,retour,2025-02-24,18,18.0
Axe 2 - TOYOTA CFAO,retour,2025-02-25,18,20.0
Axe 2 - TOYOTA CFAO,retour,2025-02-26,18,21.0
Axe 2 - TOYOTA CFAO,retour,2025-02-27,18,19.0
Axe 2 - TOYOTA CFAO,retour,2025-02-28,18,12.0
Axe 3 - SODECI,retour,2025-02-01,7,12.0
Axe 3 - SODECI,retour,2025-02-02,7,16.0
Axe 3 - SODECI,retour,2025-02-03,7,16.0
Axe 3 - SODECI,retour,2025-02-04,7,16.0
Axe 3 - SODECI,retour,2025-02-05,7,17.0
Axe 3 - SODECI,retour,2025-02-06,7,16.0
Axe 3 - SODECI,retour,2025-02-07,7,16.0
Axe 3 - SODECI,retour,2025-02-08,7,12.0
Axe 3 - SODECI,retour,2025-02-09,7,16.0
Axe 3 - SODECI,retour,2025-02-10,7,17.0
Axe 3 - SODECI,retour,2025-02-11,7,16.0
Axe 3 - SODECI,retour,2025-02-12,7,16.0
Axe 3 - SODECI,retour,2025-02-13,7,17.0
Axe 3 - SODECI,retour,2025-02-14,7,14.0
Axe 3 - SODECI,retour,2025-02-15,7,15.0
Axe 3 - SODECI,retour,2025-02-16,7,16.0
Axe 3 - SODECI,retour,2025-02-17,7,17.0
Axe 3 - SODECI,retour,2025-02-18,7,17.0
Axe 3 - SODECI,retour,2025-02-19,7,17.0
Axe 3 - SODECI,retour,2025-02-20,7,18.0
Axe 3 - SODECI,retour,2025-02-21,7,14.0
Axe 3 - SODECI,retour,2025-02-22,7,13.0
Axe 3 - SODECI,retour,2025-02-23,7,16.0
Axe 3 - SODECI,retour,2025-02-24,7,17.0
Axe 3 - SODECI,retour,2025-02-25,7,17.0
Axe 3 - SODECI,retour,2025-02-26,7,15.0
Axe 3 - SODECI,retour,2025-02-27,7,16.0
Axe 3 - SODECI,retour,2025-02-28,7,15.0
Axe 3 - SODECI,retour,2025-02-01,8,12.0
Axe 3 - SODECI,retour,2025-02-02,8,18.0
Axe 3 - SODECI,retour,2025-02-03,8,17.0
Axe 3 - SODECI,retour,2025-02-04,8,18.0
Axe 3 - SODECI,retour,2025-02-05,8,19.0
Axe 3 - SODECI,retour,2025-02-06,8,17.0
Axe 3 - SODECI,retour,2025-02-07,8,16.0
Axe 3 - SODECI,retour,2025-02-08,8,12.0
Axe 3 - SODECI,retour,2025-02-09,8,18.0
Axe 3 - SODECI,retour,2025-02-10,8,15.0
Axe 3 - SODECI,retour,2025-02-11,8,19.0
Axe 3 - SODECI,retour,2025-02-12,8,19.0
Axe 3 - SODECI,retour,2025-02-13,8,18.0
Axe 3 - SODECI,retour,2025-02-14,8,17.0
Axe 3 - SODECI,retour,2025-02-15,8,15.0
Axe 3 - SODECI,retour,2025-02-16,8,18.0
Axe 3 - SODECI,retour,2025-02-17,8,18.0
Axe 3 - SODECI,retour,2025-02-18,8,18.0
Axe 3 - SODECI,retour,2025-02-19,8,18.0
Axe 3 - SODECI,retour,2025-02-20,8,17.0
Axe 3 - SODECI,retour,2025-02-21,8,14.0
Axe 3 - SODECI,retour,2025-02-22,8,13.0
Axe 3 - SODECI,retour,2025-02-23,8,16.0
Axe 3 - SODECI,retour,2025-02-24,8,18.0
Axe 3 - SODECI,retour,2025-02-25,8,18.0
Axe 3 - SODECI,retour,2025-02-26,8,16.0
Axe 3 - SODECI,retour,2025-02-27,8,18.0
Axe 3 - SODECI,retour,2025-02-28,8,15.0
Axe 3 - SODECI,retour,2025-02-01,9,13.0
Axe 3 - SODECI,retour,2025-02-02,9,18.0
Axe 3 - SODECI,retour,2025-02-03,9,21.0
Axe 3 - SODECI,retour,2025-02-04,9,19.0
Axe 3 - SODECI,retour,2025-02-05,9,17.0
Axe 3 - SODECI,retour,2025-02-06,9,20.0
Axe 3 - SODECI,retour,2025-02-07,9,17.0
Axe 3 - SODECI,retour,2025-02-08,9,13.0
Axe 3 - SODECI,retour,2025-02-09,9,18.0
Axe 3 - SODECI,retour,2025-02-10,9,21.0
Axe 3 - SODECI,retour,2025-02-11,9,23.0
Axe 3 - SODECI,retour,2025-02-12,9,17.0
Axe 3 - SODECI,retour,2025-02-13,9,20.0
Axe 3 - SODECI,retour,2025-02-14,9,17.0
Axe 3 - SODECI,retour,2025-02-15,9,13.0
Axe 3 - SODECI,retour,2025-02-16,9,18.0
Axe 3 - SODECI,retour,2025-02-17,9,20.0
Axe 3 - SODECI,retour,2025-02-18,9,20.0
Axe 3 - SODECI,retour,2025-02-19,9,19.0
Axe 3 - SODECI,retour,2025-02-20,9,19.0
Axe 3 - SODECI,retour,2025-02-21,9,15.0
Axe 3 - SODECI,retour,2025-02-22,9,14.0
Axe 3 - SODECI,retour,2025-02-23,9,19.0
Axe 3 - SODECI,retour,2025-02-24,9,19.0
Axe 3 - SODECI,retour,2025-02-25,9,20.0
Axe 3 - SODECI,retour,2025-02-26,9,19.0
Axe 3 - SODECI,retour,2025-02-27,9,20.0
Axe 3 - SODECI,retour,2025-02-28,9,16.0
Axe 3 - SODECI,retour,2025-02-01,10,17.0
Axe 3 - SODECI,retour,2025-02-02,10,19.0
Axe 3 - SODECI,retour,2025-02-03,10,24.0
Axe 3 - SODECI,retour,2025-02-04,10,21.0
Axe 3 - SODECI,retour,2025-02-05,10,22.0
Axe 3 - SODECI,retour,2025-02-06,10,20.0
Axe 3 - SODECI,retour,2025-02-07,10,16.0
Axe 3 - SODECI,retour,2025-02-08,10,17.0
Axe 3 - SODECI,retour,2025-02-09,10,19.0
Axe 3 - SODECI,retour,2025-02-10,10,22.0
Axe 3 - SODECI,retour,2025-02-11,10,22.0
Axe 3 - SODECI,retour,2025-02-12,10,20.0
Axe 3 - SODECI,retour,2025-02-13,10,24.0
Axe 3 - SODECI,retour,2025-02-14,10,17.0
Axe 3 - SODECI,retour,2025-02-15,10,15.0
Axe 3 - SODECI,retour,2025-02-16,10,19.0
Axe 3 - SODECI,retour,2025-02-17,10,21.0
Axe 3 - SODECI,retour,2025-02-18,10,21.0
Axe 3 - SODECI,retour,2025-02-19,10,19.0
Axe 3 - SODECI,retour,2025-02-20,10,21.0
Axe 3 - SODECI,retour,2025-02-21,10,14.0
Axe 3 - SODECI,retour,2025-02-22,10,12.0
Axe 3 - SODECI,retour,2025-02-23,10,21.0
Axe 3 - SODECI,retour,2025-02-24,10,20.0
Axe 3 - SODECI,retour,2025-02-25,10,20.0
Axe 3 - SODECI,retour,2025-02-26,10,22.0
Axe 3 - SODECI,retour,2025-02-27,10,23.0
Axe 3 - SODECI,retour,2025-02-28,10,15.0
Axe 3 - SODECI,retour,2025-02-01,11,14.0
Axe 3 - SODECI,retour,2025-02-02,11,18.0
Axe 3 - SODECI,retour,2025-02-03,11,32.0
Axe 3 - SODECI,retour,2025-02-04,11,21.0
Axe 3 - SODECI,retour,2025-02-05,11,22.0
Axe 3 - SODECI,retour,2025-02-06,11,27.0
Axe 3 - SODECI,retour,2025-02-07,11,17.0
Axe 3 - SODECI,retour,2025-02-08,11,14.0
Axe 3 - SODECI,retour,2025-02-09,11,18.0
Axe 3 - SODECI,retour,2025-02-10,11,20.0
Axe 3 - SODECI,retour,2025-02-11,11,20.0
Axe 3 - SODECI,retour,2025-02-12,11,19.0
Axe 3 - SODECI,retour,2025-02-13,11,22.0
Axe 3 - SODECI,retour,2025-02-14,11,16.0
Axe 3 - SODECI,retour,2025-02-15,11,15.0
Axe 3 - SODECI,retour,2025-02-16,11,21.0
Axe 3 - SODECI,retour,2025-02-17,11,23.0
Axe 3 - SODECI,retour,2025-02-18,11,20.0
Axe 3 - SODECI,retour,2025-02-19,11,22.0
Axe 3 - SODECI,retour,2025-02-20,11,25.0
Axe 3 - SODECI,retour,2025-02-21,11,14.0
Axe 3 - SODECI,retour,2025-02-22,11,13.0
Axe 3 - SODECI,retour,2025-02-23,11,20.0
Axe 3 - SODECI,retour,2025-02-24,11,19.0
Axe 3 - SODECI,retour,2025-02-25,11,22.0
Axe 3 - SODECI,retour,2025-02-26,11,20.0
Axe 3 - SODECI,retour,2025-02-27,11,25.0
Axe 3 - SODECI,retour,2025-02-28,11,15.0
Axe 3 - SODECI,retour,2025-02-01,12,16.0
Axe 3 - SODECI,retour,2025-02-02,12,22.0
Axe 3 - SODECI,retour,2025-02-03,12,24.0
Axe 3 - SODECI,retour,2025-02-04,12,23.0
Axe 3 - SODECI,retour,2025-02-05,12,33.0
Axe 3 - SODECI,retour,2025-02-06,12,36.0
Axe 3 - SODECI,retour,2025-02-07,12,10.0
Axe 3 - SODECI,retour,2025-02-08,12,16.0
Axe 3 - SODECI,retour,2025-02-09,12,22.0
Axe 3 - SODECI,retour,2025-02-10,12,32.0
Axe 3 - SODECI,retour,2025-02-11,12,24.0
Axe 3 - SODECI,retour,2025-02-12,12,25.0
Axe 3 - SODECI,retour,2025-02-13,12,24.0
Axe 3 - SODECI,retour,2025-02-14,12,17.0
Axe 3 - SODECI,retour,2025-02-15,12,15.0
Axe 3 - SODECI,retour,2025-02-16,12,19.0
Axe 3 - SODECI,retour,2025-02-17,12,24.0
Axe 3 - SODECI,retour,2025-02-18,12,21.0
Axe 3 - SODECI,retour,2025-02-19,12,20.0
Axe 3 - SODECI,retour,2025-02-20,12,22.0
Axe 3 - SODECI,retour,2025-02-21,12,15.0
Axe 3 - SODECI,retour,2025-02-22,12,14.0
Axe 3 - SODECI,retour,2025-02-23,12,19.0
Axe 3 - SODECI,retour,2025-02-24,12,22.0
Axe 3 - SODECI,retour,2025-02-25,12,23.0
Axe 3 - SODECI,retour,2025-02-26,12,28.0
Axe 3 - SODECI,retour,2025-02-27,12,23.0
Axe 3 - SODECI,retour,2025-02-28,12,15.0
Axe 3 - SODECI,retour,2025-02-01,13,13.0
Axe 3 - SODECI,retour,2025-02-02,13,20.0
Axe 3 - SODECI,retour,2025-02-03,13,22.0
Axe 3 - SODECI,retour,2025-02-04,13,22.0
Axe 3 - SODECI,retour,2025-02-05,13,25.0
Axe 3 - SODECI,retour,2025-02-06,13,25.0
Axe 3 - SODECI,retour,2025-02-07,13,15.0
Axe 3 - SODECI,retour,2025-02-08,13,13.0
Axe 3 - SODECI,retour,2025-02-09,13,20.0
Axe 3 - SODECI,retour,2025-02-10,13,46.0
Axe 3 - SODECI,retour,2025-02-11,13,17.0
Axe 3 - SODECI,retour,2025-02-12,13,26.0
Axe 3 - SODECI,retour,2025-02-13,13,18.0
Axe 3 - SODECI,retour,2025-02-14,13,17.0
Axe 3 - SODECI,retour,2025-02-15,13,14.0
Axe 3 - SODECI,retour,2025-02-16,13,19.0
Axe 3 - SODECI,retour,2025-02-17,13,19.0
Axe 3 - SODECI,retour,2025-02-18,13,20.0
Axe 3 - SODECI,retour,2025-02-19,13,22.0
Axe 3 - SODECI,retour,2025-02-20,13,21.0
Axe 3 - SODECI,retour,2025-02-21,13,14.0
Axe 3 - SODECI,retour,2025-02-22,13,15.0
Axe 3 - SODECI,retour,2025-02-23,13,19.0
Axe 3 - SODECI,retour,2025-02-24,13,22.0
Axe 3 - SODECI,retour,2025-02-25,13,21.0
Axe 3 - SODECI,retour,2025-02-26,13,27.0
Axe 3 - SODECI,retour,2025-02-27,13,21.0
Axe 3 - SODECI,retour,2025-02-28,13,17.0
Axe 3 - SODECI,retour,2025-02-01,14,14.0
Axe 3 - SODECI,retour,2025-02-02,14,17.0
Axe 3 - SODECI,retour,2025-02-03,14,19.0
Axe 3 - SODECI,retour,2025-02-04,14,21.0
Axe 3 - SODECI,retour,2025-02-05,14,23.0
Axe 3 - SODECI,retour,2025-02-06,14,23.0
Axe 3 - SODECI,retour,2025-02-07,14,17.0
Axe 3 - SODECI,retour,2025-02-08,14,14.0
Axe 3 - SODECI,retour,2025-02-09,14,17.0
Axe 3 - SODECI,retour,2025-02-10,14,23.0
Axe 3 - SODECI,retour,2025-02-11,14,19.0
Axe 3 - SODECI,retour,2025-02-12,14,17.0
Axe 3 - SODECI,retour,2025-02-13,14,20.0
Axe 3 - SODECI,retour,2025-02-14,14,16.0
Axe 3 - SODECI,retour,2025-02-15,14,12.0
Axe 3 - SODECI,retour,2025-02-16,14,17.0
Axe 3 - SODECI,retour,2025-02-17,14,21.0
Axe 3 - SODECI,retour,2025-02-18,14,22.0
Axe 3 - SODECI,retour,2025-02-19,14,19.0
Axe 3 - SODECI,retour,2025-02-20,14,18.0
Axe 3 - SODECI,retour,2025-02-21,14,13.0
Axe 3 - SODECI,retour,2025-02-22,14,14.0
Axe 3 - SODECI,retour,2025-02-23,14,21.0
Axe 3 - SODECI,retour,2025-02-24,14,18.0
Axe 3 - SODECI,retour,2025-02-25,14,20.0
Axe 3 - SODECI,retour,2025-02-26,14,19.0
Axe 3 - SODECI,retour,2025-02-27,14,18.0
Axe 3 - SODECI,retour,2025-02-28,14,16.0
Axe 3 - SODECI,retour,2025-02-01,15,17.0
Axe 3 - SODECI,retour,2025-02-02,15,18.0
Axe 3 - SODECI,retour,2025-02-03,15,22.0
Axe 3 - SODECI,retour,2025-02-04,15,25.0
Axe 3 - SODECI,retour,2025-02-05,15,21.0
Axe 3 - SODECI,retour,2025-02-06,15,21.0
Axe 3 - SODECI,retour,2025-02-07,15,16.0
Axe 3 - SODECI,retour,2025-02-08,15,17.0
Axe 3 - SODECI,retour,2025-02-09,15,18.0
Axe 3 - SODECI,retour,2025-02-10,15,23.0
Axe 3 - SODECI,retour,2025-02-11,15,21.0
Axe 3 - SODECI,retour,2025-02-12,15,26.0
Axe 3 - SODECI,retour,2025-02-13,15,21.0
Axe 3 - SODECI,retour,2025-02-14,15,15.0
Axe 3 - SODECI,retour,2025-02-15,15,12.0
Axe 3 - SODECI,retour,2025-02-16,15,21.0
Axe 3 - SODECI,retour,2025-02-17,15,19.0
Axe 3 - SODECI,retour,2025-02-18,15,21.0
Axe 3 - SODECI,retour,2025-02-19,15,23.0
Axe 3 - SODECI,retour,2025-02-20,15,19.0
Axe 3 - SODECI,retour,2025-02-21,15,16.0
Axe 3 - SODECI,retour,2025-02-22,15,13.0
Axe 3 - SODECI,retour,2025-02-23,15,23.0
Axe 3 - SODECI,retour,2025-02-24,15,21.0
Axe 3 - SODECI,retour,2025-02-25,15,33.0
Axe 3 - SODECI,retour,2025-02-26,15,25.0
Axe 3 - SODECI,retour,2025-02-27,15,21.0
Axe 3 - SODECI,retour,2025-02-28,15,15.0
Axe 3 - SODECI,retour,2025-02-01,16,12.0
Axe 3 - SODECI,retour,2025-02-02,16,19.0
Axe 3 - SODECI,retour,2025-02-03,16,23.0
Axe 3 - SODECI,retour,2025-02-04,16,27.0
Axe 3 - SODECI,retour,2025-02-05,16,20.0
Axe 3 - SODECI,retour,2025-02-06,16,20.0
Axe 3 - SODECI,retour,2025-02-07,16,23.0
Axe 3 - SODECI,retour,2025-02-08,16,12.0
Axe 3 - SODECI,retour,2025-02-09,16,19.0
Axe 3 - SODECI,retour,2025-02-10,16,18.0
Axe 3 - SODECI,retour,2025-02-11,16,22.0
Axe 3 - SODECI,retour,2025-02-12,16,16.0
Axe 3 - SODECI,retour,2025-02-13,16,20.0
Axe 3 - SODECI,retour,2025-02-14,16,16.0
Axe 3 - SODECI,retour,2025-02-15,16,13.0
Axe 3 - SODECI,retour,2025-02-16,16,21.0
Axe 3 - SODECI,retour,2025-02-17,16,19.0
Axe 3 - SODECI,retour,2025-02-18,16,20.0
Axe 3 - SODECI,retour,2025-02-19,16,34.0
Axe 3 - SODECI,retour,2025-02-20,16,21.0
Axe 3 - SODECI,retour,2025-02-21,16,14.0
Axe 3 - SODECI,retour,2025-02-22,16,14.0
Axe 3 - SODECI,retour,2025-02-23,16,23.0
Axe 3 - SODECI,retour,2025-02-24,16,22.0
Axe 3 - SODECI,retour,2025-02-25,16,43.0
Axe 3 - SODECI,retour,2025-02-26,16,48.0
Axe 3 - SODECI,retour,2025-02-27,16,21.0
Axe 3 - SODECI,retour,2025-02-28,16,17.0
Axe 3 - SODECI,retour,2025-02-01,17,15.0
Axe 3 - SODECI,retour,2025-02-02,17,19.0
Axe 3 - SODECI,retour,2025-02-03,17,22.0
Axe 3 - SODECI,retour,2025-02-04,17,22.0
Axe 3 - SODECI,retour,2025-02-05,17,19.0
Axe 3 - SODECI,retour,2025-02-06,17,19.0
Axe 3 - SODECI,retour,2025-02-07,17,16.0
Axe 3 - SODECI,retour,2025-02-08,17,15.0
Axe 3 - SODECI,retour,2025-02-09,17,19.0
Axe 3 - SODECI,retour,2025-02-10,17,19.0
Axe 3 - SODECI,retour,2025-02-11,17,18.0
Axe 3 - SODECI,retour,2025-02-12,17,29.0
Axe 3 - SODECI,retour,2025-02-13,17,23.0
Axe 3 - SODECI,retour,2025-02-14,17,16.0
Axe 3 - SODECI,retour,2025-02-15,17,14.0
Axe 3 - SODECI,retour,2025-02-16,17,20.0
Axe 3 - SODECI,retour,2025-02-17,17,20.0
Axe 3 - SODECI,retour,2025-02-18,17,22.0
Axe 3 - SODECI,retour,2025-02-19,17,29.0
Axe 3 - SODECI,retour,2025-02-20,17,20.0
Axe 3 - SODECI,retour,2025-02-21,17,13.0
Axe 3 - SODECI,retour,2025-02-22,17,14.0
Axe 3 - SODECI,retour,2025-02-23,17,24.0
Axe 3 - SODECI,retour,2025-02-24,17,18.0
Axe 3 - SODECI,retour,2025-02-25,17,22.0
Axe 3 - SODECI,retour,2025-02-26,17,34.0
Axe 3 - SODECI,retour,2025-02-27,17,20.0
Axe 3 - SODECI,retour,2025-02-28,17,16.0
Axe 3 - SODECI,retour,2025-02-01,18,14.0
Axe 3 - SODECI,retour,2025-02-02,18,21.0
Axe 3 - SODECI,retour,2025-02-03,18,18.0
Axe 3 - SODECI,retour,2025-02-04,18,17.0
Axe 3 - SODECI,retour,2025-02-05,18,16.0
Axe 3 - SODECI,retour,2025-02-06,18,16.0
Axe 3 - SODECI,retour,2025-02-07,18,15.0
Axe 3 - SODECI,retour,2025-02-08,18,14.0
Axe 3 - SODECI,retour,2025-02-09,18,21.0
Axe 3 - SODECI,retour,2025-02-10,18,18.0
Axe 3 - SODECI,retour,2025-02-11,18,17.0
Axe 3 - SODECI,retour,2025-02-12,18,28.0
Axe 3 - SODECI,retour,2025-02-13,18,19.0
Axe 3 - SODECI,retour,2025-02-14,18,15.0
Axe 3 - SODECI,retour,2025-02-15,18,14.0
Axe 3 - SODECI,retour,2025-02-16,18,18.0
Axe 3 - SODECI,retour,2025-02-17,18,19.0
Axe 3 - SODECI,retour,2025-02-18,18,17.0
Axe 3 - SODECI,retour,2025-02-19,18,17.0
Axe 3 - SODECI,retour,2025-02-20,18,17.0
Axe 3 - SODECI,retour,2025-02-21,18,13.0
Axe 3 - SODECI,retour,2025-02-22,18,14.0
Axe 3 - SODECI,retour,2025-02-23,18,30.0
Axe 3 - SODECI,retour,2025-02-24,18,17.0
Axe 3 - SODECI,retour,2025-02-25,18,18.0
Axe 3 - SODECI,retour,2025-02-26,18,24.0
Axe 3 - SODECI,retour,2025-02-27,18,17.0
Axe 3 - SODECI,retour,2025-02-28,18,16.0
